NAME,TEAM,POS,AGE,GP,MPG,USG%,FTA,FT%,2PA,2P%,3PA,3P%,PPG,RPG,APG,SPG,BPG,TPG
Joel Embiid,Philadelphia 76ers,C-F,29.1,66,34.6,37.1,771,0.857,1128,0.587,200,0.33,33.1,10.2,4.2,1,1.7,3.4
Luka Doncic,Dallas Mavericks,F-G,24.1,66,36.2,37.7,694,0.742,908,0.588,541,0.342,32.4,8.6,8,1.4,0.5,3.6
DaMiami Heatn Lillard,Portland Trail Blazers,G,32.7,58,36.3,33.9,558,0.914,544,0.574,658,0.371,32.2,4.8,7.3,0.9,0.3,3.3
Shai Gilgeous-Alexander,Oklahoma City Thunder,G-F,24.7,68,35.5,32.8,739,0.905,1213,0.533,168,0.345,31.4,4.8,5.5,1.6,1,2.8
Giannis Antetokounmpo,Milwaukee Bucks,F,28.3,63,32.1,38.8,772,0.645,1108,0.596,171,0.275,31.1,11.8,5.7,0.8,0.8,3.9
Jayson Tatum,Boston Celtics,F-G,25.1,74,36.9,32.7,622,0.854,873,0.558,686,0.35,30.1,8.8,4.6,1.1,0.7,2.9
Kevin Durant,Phoenix Suns,F,34.5,39,36,31.5,285,0.937,545,0.622,189,0.376,29.7,6.7,5.3,0.8,1.5,3.5
Stephen Curry,Golden State Warriors,G,35.1,55,34.9,31,278,0.914,489,0.577,629,0.426,29.5,6.1,6.3,0.9,0.4,3.2
LeBrooklyn Netsn James,Los Angeles Lakers,F,38.3,54,35.6,33.3,325,0.766,830,0.582,363,0.311,28.8,8.3,6.8,0.9,0.6,3.3
Donovan Mitchell,Cleveland Cavaliers,G,26.6,68,35.8,32.1,368,0.867,767,0.566,635,0.386,28.3,4.3,4.4,1.5,0.4,2.6
Devin Booker,Phoenix Suns,G,26.4,53,34.6,31.8,358,0.855,751,0.554,316,0.351,27.8,4.5,5.5,1,0.3,2.7
Mikal Bridges,Brooklyn Nets,F,26.6,26,35.5,30.3,179,0.894,322,0.531,181,0.376,27.2,4.7,2.8,1,0.6,1.9
Kyrie Irving,Brooklyn Nets,G,31,40,36.9,29.7,179,0.883,471,0.569,348,0.374,27.1,5.1,5.3,1,0.8,2.3
Kyrie Irving,Dallas Mavericks,G,31,20,38.1,27.5,94,0.947,236,0.585,148,0.392,27,5,6,1.3,0.6,1.9
Jaylen Brooklyn Netswn,Boston Celtics,G-F,26.5,67,35.9,31.5,344,0.765,896,0.576,487,0.335,26.6,6.9,3.5,1.1,0.4,2.9
Ja Morant,Memphis Grizzlies,G,23.7,61,31.9,34.9,497,0.748,914,0.519,300,0.307,26.2,5.9,8.1,1.1,0.3,3.4
Trae Young,Atlanta Hawks,G,24.6,73,34.8,32.6,639,0.886,930,0.476,460,0.335,26.2,3,10.2,1.1,0.1,4.1
Anthony Davis,Los Angeles Lakers,F-C,30.1,55,34,28.5,442,0.783,874,0.59,74,0.257,26.1,12.5,2.6,1,2,2.1
Kevin Durant,Phoenix Suns,F,34.5,8,33.7,26.8,48,0.833,87,0.586,41,0.537,26,6.4,3.5,0.3,1.3,2.5
Zion Williamson,New Orleans Pelicans,F,22.8,29,33,30.4,248,0.714,450,0.618,19,0.368,26,7,4.6,1.1,0.6,3.4
Lauri Markkanen,Utah Jazz,F-C,25.9,66,34.4,26.6,399,0.875,634,0.585,511,0.391,25.6,8.6,1.9,0.6,0.6,1.9
De'Aaron Fox,Sacramento Kings,G,25.3,72,33.6,30.1,440,0.78,958,0.582,363,0.325,25.2,4.2,6.2,1.2,0.3,2.5
Julius Randle,New York Knicks,F-C,28.4,77,35.5,29.5,531,0.757,796,0.553,636,0.343,25.1,10,4.1,0.6,0.3,2.8
Zach LaVine,Chicago Bulls,G-F,28.1,76,36.1,28.3,424,0.847,834,0.556,539,0.377,24.9,4.5,4.3,0.9,0.2,2.5
DeMar DeRozan,Chicago Bulls,G-F,33.7,73,36.4,27.8,522,0.872,1150,0.526,138,0.326,24.7,4.7,5.1,1.1,0.5,2.1
Anthony Edwards,Minnesota Timberwolves,G,21.7,78,35.9,29.8,409,0.763,951,0.514,570,0.368,24.6,5.7,4.4,1.6,0.7,3.2
Nikola Jokic,Denver Nuggets,C,28.1,69,33.7,27.2,415,0.822,873,0.675,149,0.383,24.5,11.8,9.8,1.3,0.7,3.6
Brandon Ingram,New Orleans Pelicans,F,25.6,44,34,30.6,263,0.878,646,0.503,161,0.391,24.3,5.3,5.8,0.7,0.4,3.3
Pascal Siakam,Toronto Raptors,F,29,71,37.4,27.2,474,0.774,1026,0.523,287,0.324,24.2,7.8,5.8,0.9,0.5,2.4
Jalen Brunson,New York Knicks,G,26.6,68,35,27.3,392,0.829,873,0.519,322,0.416,24,3.5,6.2,0.9,0.2,2.1
Paul George,LA Clippers,F,32.9,56,34.6,29.5,294,0.871,578,0.521,426,0.371,23.8,6.1,5.1,1.5,0.4,3.1
Kawhi Leonard,LA Clippers,F,31.8,51,33.6,26.9,274,0.876,603,0.549,247,0.421,23.8,6.3,3.9,1.4,0.5,1.6
LaMelo Ball,Charlotte Hornets,G,21.6,36,35.2,30,121,0.843,338,0.45,383,0.376,23.3,6.4,8.4,1.3,0.3,3.6
Bradley Beal,Washington Wizards,G,29.8,50,33.5,29.2,228,0.842,659,0.552,219,0.365,23.2,3.9,5.4,0.9,0.7,2.9
Kristaps Portland Trail Blazerszingis,Washington Wizards,F-C,27.7,65,32.6,27.4,416,0.851,662,0.559,356,0.385,23.2,8.4,2.7,0.9,1.5,2.1
Jimmy Butler,Miami Heat,F,33.6,64,33.4,25.6,555,0.85,785,0.564,103,0.35,22.9,5.8,5.3,1.8,0.3,1.6
Jalen Green,Houston Rockets,G,21.2,75,34.3,28.2,459,0.786,797,0.471,551,0.338,22.3,3.8,3.7,0.8,0.2,2.7
Keldon Johnson,San Antonio Spurs,F-G,23.5,63,32.7,27.9,327,0.749,706,0.523,407,0.329,22,5,2.9,0.7,0.2,2.1
Klay Thompson,Golden State Warriors,G,33.2,68,33.2,26.3,132,0.879,518,0.471,720,0.41,21.9,4.1,2.4,0.7,0.4,1.8
Bojan Bogdanovic,Detroit Pistons,F,34,59,32.1,25.9,303,0.884,529,0.539,353,0.411,21.6,3.8,2.6,0.6,0.1,2.3
Darius Garland,Cleveland Cavaliers,G,23.2,69,35.5,26.9,322,0.863,717,0.492,412,0.41,21.6,2.7,7.8,1.2,0.1,2.9
Desmond Bane,Memphis Grizzlies,G,24.8,58,31.8,26.1,205,0.883,532,0.534,407,0.408,21.5,5,4.4,1,0.4,2.2
Kyle Kuzma,Washington Wizards,F,27.7,64,35,27.9,237,0.73,661,0.533,481,0.333,21.2,7.2,3.7,0.6,0.5,3
Terry Rozier,Charlotte Hornets,G,29.1,63,35.3,26.9,220,0.809,683,0.48,505,0.327,21.1,4.1,5.1,1.2,0.3,2.1
Anfernee Simons,Portland Trail Blazers,G,23.8,62,35,25.1,179,0.894,483,0.528,562,0.377,21.1,2.6,4.1,0.7,0.2,2.1
James HarDenver Nuggets,Philadelphia 76ers,G,33.6,58,36.8,25.1,361,0.867,424,0.495,419,0.384,21,6.1,10.7,1.2,0.5,3.4
CJ McCollum,New Orleans Pelicans,G,31.6,74,35.3,26.4,230,0.774,782,0.469,538,0.392,20.9,4.4,5.8,0.9,0.5,2.4
Jordan Clarkson,Utah Jazz,G,30.8,61,32.6,27.8,245,0.816,572,0.53,459,0.338,20.8,4,4.4,0.5,0.2,3
Tyrese Haliburton,Indiana Pacers,G,23.1,56,33.6,23.9,203,0.867,439,0.572,402,0.4,20.7,3.7,10.4,1.6,0.4,2.5
Bam Adebayo,Miami Heat,C-F,25.7,74,35,25.3,402,0.806,1099,0.545,12,0.083,20.6,9.3,3.2,1.2,0.8,2.5
Jerami Grant,Portland Trail Blazers,F,29.1,63,35.6,22.9,342,0.813,554,0.523,359,0.401,20.5,4.5,2.4,0.8,0.8,1.8
Dejounte Murray,Atlanta Hawks,G,26.6,74,36.4,24.4,190,0.832,932,0.514,387,0.344,20.5,5.3,6.1,1.5,0.3,2.2
Jordan Poole,Golden State Warriors,G,23.8,81,30.1,29.2,411,0.871,637,0.523,632,0.332,20.4,2.7,4.5,0.8,0.3,3.1
Karl-Anthony Towns,Minnesota Timberwolves,C-F,27.4,28,32.9,25.5,129,0.876,253,0.581,156,0.353,20.4,8.1,4.9,0.7,0.6,3
Tyler Herro,Miami Heat,G,23.2,66,35.3,25.6,182,0.934,570,0.495,536,0.379,20.3,5.4,4.2,0.8,0.2,2.4
Tyrese Maxey,Philadelphia 76ers,G,22.4,60,33.6,24.1,213,0.845,543,0.514,370,0.432,20.3,2.9,3.5,0.8,0.1,1.3
Kelly Oubre Jr.,Charlotte Hornets,F-G,27.3,48,32.2,26.5,208,0.76,480,0.51,339,0.319,20.3,5.2,1.1,1.4,0.4,1.3
Paolo Banchero,Orlando Magic,F,20.4,72,33.7,27.5,534,0.738,837,0.471,285,0.298,20,6.9,3.7,0.8,0.5,2.8
Jamal Murray,Denver Nuggets,G,26.1,65,32.8,26.1,216,0.833,609,0.494,432,0.398,20,4,6.2,1,0.2,2.2
Cade Cunningham,Detroit Pistons,G,21.5,12,33.4,30,43,0.837,163,0.466,61,0.279,19.9,6.2,6,0.8,0.6,3.3
RJ Barrett,New York Knicks,F-G,22.8,72,33.9,26.3,387,0.742,773,0.495,387,0.31,19.6,5.1,2.8,0.4,0.2,2.2
Jrue Holiday,Milwaukee Bucks,G,32.8,67,32.6,25,177,0.859,612,0.542,411,0.384,19.3,5.1,7.4,1.2,0.4,2.9
Fred VanVleet,Toronto Raptors,G,29.1,69,36.7,23.2,283,0.898,506,0.455,606,0.342,19.3,4.1,7.2,1.8,0.6,2
Kevin Portland Trail Blazerster Jr.,Houston Rockets,G-F,22.9,59,34.3,24.3,264,0.784,499,0.501,385,0.366,19.2,5.3,5.7,1.4,0.3,3.2
Domantas Sabonis,Sacramento Kings,F-C,26.9,78,34.8,21.3,435,0.743,846,0.638,83,0.373,19.2,12.4,7.3,0.8,0.5,2.9
Franz Wagner,Orlando Magic,F,21.6,79,32.8,23.5,316,0.839,754,0.544,359,0.362,18.7,4.1,3.5,0.9,0.2,2.1
Jaren Jackson Jr.,Memphis Grizzlies,F-C,23.6,63,28.4,24.7,306,0.788,540,0.585,282,0.355,18.6,6.8,1,1,3,1.7
Devin Vassell,San Antonio Spurs,G-F,22.6,38,31,24.4,100,0.78,329,0.48,266,0.387,18.5,3.9,3.6,1.1,0.4,1.5
Deandre Ayton,Phoenix Suns,C,24.7,67,30.4,22.9,200,0.76,863,0.597,24,0.292,18,10,1.7,0.6,0.8,1.8
Myles Turner,Indiana Pacers,C-F,27,62,29.4,22.1,276,0.783,484,0.638,250,0.372,18,7.5,1.4,0.6,2.3,1.7
D'Angelo Russell,Minnesota Timberwolves,G,27.1,54,32.9,22.8,167,0.856,348,0.546,378,0.392,17.9,3.1,6.2,1.1,0.4,2.7
Nikola Vucevic,Chicago Bulls,C,32.5,81,33.7,21.8,158,0.835,792,0.596,347,0.349,17.8,11.1,3.3,0.7,0.7,1.7
Spencer Dinwiddie,Dallas Mavericks,G,30,53,34.1,21.9,207,0.821,353,0.504,341,0.405,17.7,3.1,5.2,0.7,0.3,1.7
MiCharlotte Hornetsel Portland Trail Blazerster Jr.,Denver Nuggets,F,24.8,62,29,22.7,120,0.8,363,0.579,454,0.414,17.4,5.5,1,0.6,0.5,1.1
D'Angelo Russell,Los Angeles Lakers,G,27.1,16,30.8,22.8,46,0.739,105,0.552,103,0.417,17.4,3,6.1,0.6,0.4,2.3
Gary Trent Jr.,Toronto Raptors,G-F,24.2,65,32.2,21.7,200,0.835,479,0.493,443,0.366,17.3,2.6,1.6,1.6,0.2,0.8
Mikal Bridges,Phoenix Suns,F,26.6,56,36.4,19.2,174,0.897,503,0.503,261,0.387,17.2,4.3,3.6,1.2,0.8,1.4
Andrew Wiggins,Golden State Warriors,F,28.1,37,32.2,21.4,72,0.611,304,0.53,225,0.396,17.1,5,2.3,1.2,0.8,1.3
O.G. Anunoby,Toronto Raptors,F,25.7,67,35.6,19.5,167,0.838,518,0.539,367,0.387,16.8,5,2,1.9,0.7,2
Buddy Hield,Indiana Pacers,G,30.3,79,31.1,21,129,0.822,361,0.518,671,0.422,16.8,5,2.8,1.2,0.3,1.7
New Orleans Pelicansman Powell,LA Clippers,G,29.9,59,26,25.8,270,0.815,404,0.53,284,0.401,16.8,2.9,1.9,0.8,0.3,1.7
Josh Giddey,Oklahoma City Thunder,G,20.5,76,31.2,24.5,145,0.731,884,0.524,234,0.325,16.6,7.9,6.2,0.8,0.4,2.8
Cameron Johnson,Brooklyn Nets,F,27.1,25,30.8,21.1,87,0.851,145,0.572,156,0.372,16.6,4.8,2.1,1.4,0.3,1.1
Bennedict Mathurin,Indiana Pacers,G-F,20.8,77,28.4,24.6,439,0.827,631,0.49,307,0.319,16.6,4.1,1.4,0.6,0.2,1.9
Christian Wood,Dallas Mavericks,F,27.5,67,25.9,26.4,281,0.772,490,0.594,279,0.376,16.6,7.3,1.8,0.4,1.1,1.8
Spencer Dinwiddie,Brooklyn Nets,G,30,26,35.3,22.5,123,0.797,207,0.488,149,0.289,16.5,4.1,9.1,1.1,0.3,2.1
Aaron Gordon,Denver Nuggets,F,27.6,68,30.3,21.1,312,0.609,588,0.628,173,0.347,16.3,6.6,3,0.8,0.8,1.4
JaDenver Nuggets Ivey,Detroit Pistons,G,21.2,73,31.1,25.4,356,0.747,620,0.458,343,0.344,16.3,3.9,5.3,0.8,0.2,3.2
Evan Mobley,Cleveland Cavaliers,C,21.8,78,34.7,20.2,303,0.673,840,0.595,102,0.216,16.3,9.1,2.9,0.8,1.5,1.9
Brooklyn Netsok Lopez,Milwaukee Bucks,C,35,78,30.4,19.3,190,0.784,535,0.637,364,0.374,15.9,6.7,1.3,0.5,2.5,1.4
Russell WestBrooklyn Netsok,Los Angeles Lakers,G,34.4,52,28.7,28.9,238,0.655,516,0.467,213,0.296,15.9,6.2,7.5,1,0.4,3.6
P.J. Washington Wizardshington,Charlotte Hornets,F,24.6,73,32.6,20.6,174,0.73,550,0.518,428,0.348,15.7,4.9,2.4,0.9,1.1,1.5
Wendell Carter Jr.,Orlando Magic,C-F,24,56,29.9,20.6,195,0.738,388,0.624,222,0.36,15.5,8.8,2.3,0.5,0.6,1.9
Scottie Barnes,Toronto Raptors,F,21.7,76,34.9,20.4,246,0.772,785,0.504,222,0.284,15.4,6.7,4.8,1.1,0.8,2
De'Andre Hunter,Atlanta Hawks,F-G,25.4,66,32,19.6,204,0.824,530,0.519,283,0.35,15.4,4.3,1.4,0.5,0.3,1.2
Russell WestBrooklyn Netsok,LA Clippers,G,34.4,20,29.7,25,66,0.652,174,0.552,69,0.348,15.4,4.8,7.5,1.1,0.5,3.5
Kevin Huerter,Sacramento Kings,G-F,24.6,74,29.5,19.8,131,0.725,351,0.604,506,0.401,15.2,3.4,2.9,1.1,0.3,1.3
Khris Middleton,Milwaukee Bucks,F,31.7,33,24.3,27.4,102,0.902,244,0.516,162,0.315,15.1,4.2,4.9,0.7,0.2,2.2
Harrison Barnes,Sacramento Kings,F,30.9,81,32.6,17,411,0.847,439,0.551,346,0.367,15,4.5,1.6,0.7,0.1,1
Malcolm Brooklyn Netsgdon,Boston Celtics,G,30.3,67,26,22.8,184,0.87,435,0.51,297,0.444,14.9,4.2,3.7,0.7,0.3,1.5
Saddiq Bey,Detroit Pistons,F,24,52,28.8,21.4,209,0.861,313,0.46,293,0.345,14.8,4.7,1.6,1,0.2,1
Alperen Sengun,Houston Rockets,C,20.7,74,29,21.3,283,0.714,733,0.572,57,0.333,14.8,9,3.9,0.9,0.9,2.6
Tobias Harris,Philadelphia 76ers,F,30.7,74,32.9,18.2,129,0.876,521,0.57,324,0.389,14.7,5.7,2.5,0.9,0.5,1.2
Gordon Hayward,Charlotte Hornets,F,33,50,31.5,20,159,0.811,421,0.532,160,0.325,14.7,4.3,4.1,0.8,0.2,2
Immanuel Quickley,New York Knicks,G,23.8,80,28.8,20.7,239,0.812,471,0.52,443,0.372,14.7,4.1,3.4,1,0.2,1.2
Trey Murphy III,New Orleans Pelicans,F,22.8,78,30.9,16.6,182,0.907,296,0.608,493,0.408,14.5,3.6,1.4,1.1,0.6,0.8
Jarrett Allen,Cleveland Cavaliers,C,25,67,32.9,16.5,221,0.733,613,0.653,9,0.111,14.4,9.9,1.7,0.8,1.2,1.4
Tim Hardaway Jr.,Dallas Mavericks,G-F,31.1,71,30.3,20.6,165,0.77,297,0.431,550,0.385,14.4,3.5,1.8,0.7,0.2,0.8
Dillon Brooklyn Netsoks,Memphis Grizzlies,G-F,27.2,73,30.3,21.8,154,0.779,552,0.451,439,0.326,14.3,3.3,2.6,0.9,0.2,1.4
Collin Sexton,Utah Jazz,G,24.3,48,23.9,23.4,199,0.819,347,0.545,122,0.393,14.3,2.2,2.9,0.6,0.1,1.8
Jonas Valanciunas,New Orleans Pelicans,C,30.9,78,25,23.3,224,0.826,696,0.58,106,0.349,14.2,10.1,1.8,0.3,0.7,2
Skylar Mays,Portland Trail Blazers,G,25.6,5,29.6,18.4,8,0.875,32,0.531,19,0.526,14.2,3,7.6,0.6,0.2,1.6
Markelle Fultz,Orlando Magic,G,24.9,59,29.9,21.3,143,0.783,589,0.543,84,0.31,14.1,3.9,5.7,1.5,0.4,2.4
Bobby Portland Trail Blazerstis,Milwaukee Bucks,F,28.2,69,26.1,21.6,125,0.768,536,0.556,253,0.368,14.1,9.7,1.5,0.4,0.2,1.1
Jalen Williams,Oklahoma City Thunder,G-F,22,75,30.3,18.4,191,0.812,589,0.579,205,0.356,14.1,4.5,3.3,1.4,0.5,1.6
Bogdan Bogdanovic,Atlanta Hawks,G,30.6,54,27.9,19.8,77,0.831,251,0.506,360,0.406,14,3,2.8,0.8,0.3,1.2
Mike Conley,Minnesota Timberwolves,G,35.5,23,31.2,16.7,66,0.864,92,0.5,132,0.432,13.9,3.2,4.9,1.2,0.2,1.2
Cameron Johnson,Phoenix Suns,F,27.1,17,25.3,19.6,33,0.818,74,0.5,99,0.455,13.9,3.8,1.5,0.9,0.4,0.6
Chris Paul,Phoenix Suns,G,37.9,59,32,19.2,160,0.831,407,0.482,261,0.375,13.9,4.3,8.9,1.5,0.4,1.9
Luguentz Dort,Oklahoma City Thunder,G,24,74,30.7,19.8,259,0.772,464,0.44,409,0.33,13.7,4.6,2.1,1,0.3,1.2
Rudy Gobert,Minnesota Timberwolves,C,30.8,69,30.9,16.4,340,0.644,542,0.662,3,0,13.6,11.8,1.3,0.8,1.4,1.8
Malik Monk,Sacramento Kings,G,25.2,76,22.4,25.8,207,0.889,395,0.537,396,0.361,13.6,2.7,3.9,0.6,0.3,1.9
Malik Beasley,Utah Jazz,G,26.4,55,26.7,21.3,44,0.841,198,0.485,471,0.359,13.4,3.6,1.7,0.8,0.1,1.1
Jakob Poeltl,Toronto Raptors,C,27.5,25,27.8,17.4,72,0.569,224,0.656,0,0,13.4,9.3,2.2,1.2,1.4,1.2
Jusuf Nurkic,Portland Trail Blazers,C,28.6,52,26.7,22.2,192,0.661,386,0.567,119,0.361,13.3,9.1,2.9,0.8,0.8,2.3
John Collins,Atlanta Hawks,F-C,25.5,71,30,17,178,0.803,467,0.619,240,0.292,13.1,6.5,1.2,0.6,1,1.1
Eric Gordon,Houston Rockets,G,34.3,47,30.2,18.1,135,0.815,233,0.536,245,0.347,13.1,2.1,2.9,0.6,0.4,1.8
Cole Anthony,Orlando Magic,G,22.9,60,25.9,21.5,170,0.894,404,0.5,206,0.364,13,4.8,3.9,0.6,0.5,1.5
Devonte' Graham,San Antonio Spurs,G,28.1,20,26.4,20.2,72,0.75,52,0.442,148,0.358,13,2.5,4,0.8,0.3,1.3
Rui HaChicago Bullsmura,Washington Wizards,F,25.2,30,24.3,23,58,0.759,235,0.545,89,0.337,13,4.3,1.2,0.4,0.4,1.2
Austin Reaves,Los Angeles Lakers,G,24.9,63,28.7,16.3,262,0.863,273,0.634,212,0.392,13,3,3.3,0.5,0.3,1.6
Tre Jones,San Antonio Spurs,G,23.2,67,29.3,19.4,172,0.86,578,0.503,156,0.282,12.9,3.6,6.6,1.3,0.1,1.6
Alec Burks,Detroit Pistons,G,31.7,51,22,22.8,188,0.814,220,0.459,239,0.414,12.8,3.1,2.2,0.7,0.2,1.1
Jordan Nwora,Indiana Pacers,F,24.6,23,24.7,21.1,42,0.714,135,0.511,103,0.408,12.8,4.7,2.2,0.5,0.3,1.3
James Wiseman,Detroit Pistons,C,22,23,25.2,21.5,55,0.709,217,0.567,18,0.167,12.8,7.9,0.7,0.2,0.8,1.4
Kenyon Martin Jr.,Houston Rockets,F,22.3,81,28,16.4,220,0.677,494,0.682,214,0.318,12.7,5.5,1.5,0.5,0.4,1.1
Jabari Smith Jr.,Houston Rockets,F,19.9,78,31,18.4,198,0.783,493,0.485,388,0.307,12.7,7.2,1.3,0.6,0.9,1.3
Nic Claxton,Brooklyn Nets,F-C,24,76,29.9,15.5,246,0.541,585,0.708,2,0,12.6,9.2,1.9,0.9,2.5,1.3
Kris Dunn,Utah Jazz,G,29.1,21,25.1,20,51,0.765,165,0.545,33,0.455,12.6,4.3,5.5,1.1,0.5,1.5
Denver Nuggetsnis Schroder,Los Angeles Lakers,G,29.6,66,30.1,18.6,252,0.857,426,0.46,225,0.329,12.6,2.5,4.5,0.8,0.2,1.7
Derrick White,Boston Celtics,G,28.8,81,28.6,17.6,192,0.875,367,0.548,389,0.38,12.5,3.6,3.9,0.7,0.9,1.2
Kelly OlyNew York Knicks,Utah Jazz,F-C,32,67,28.6,17.6,230,0.852,312,0.574,231,0.39,12.3,6.2,3.7,0.9,0.5,2.4
JaDenver Nuggets McDaniels,Minnesota Timberwolves,F,22.5,78,30.9,15.8,144,0.736,447,0.588,269,0.398,12.2,3.9,1.9,0.9,1,1.4
Keegan Murray,Sacramento Kings,F,22.6,79,29.8,15.7,81,0.765,277,0.52,493,0.414,12.2,4.6,1.2,0.8,0.5,0.8
Mason Plumlee,Charlotte Hornets,F-C,33.1,56,28.5,15.7,256,0.605,396,0.669,0,0,12.2,9.6,3.7,0.6,0.6,1.5
Thomas Bryant,Los Angeles Lakers,C-F,25.7,41,21.3,18.2,108,0.741,251,0.697,50,0.44,12.1,6.8,0.7,0.3,0.6,0.7
Bones Hyland,Denver Nuggets,G,22.6,42,19.5,28.5,82,0.866,193,0.425,241,0.378,12.1,2,3,0.7,0.3,1.6
Caris LeVert,Cleveland Cavaliers,G,28.6,74,30.3,18.7,180,0.722,418,0.462,324,0.392,12.1,3.8,3.9,1,0.3,1.6
Jakob Poeltl,San Antonio Spurs,C,27.5,46,26.1,18.7,129,0.605,387,0.618,1,0,12.1,9,3.1,0.8,1.1,2.1
Marvin Bagley III,Detroit Pistons,F,24.1,41,23.7,20.3,108,0.75,309,0.583,62,0.274,12,6.4,0.9,0.4,0.7,1.1
Clint Capela,Atlanta Hawks,C,28.9,65,26.6,15.7,131,0.603,535,0.654,1,0,12,11,0.9,0.7,1.2,0.8
Saddiq Bey,Atlanta Hawks,F,24,24,25.6,17.2,29,0.862,100,0.55,122,0.402,11.8,4.8,1.3,0.7,0,0.7
Max Strus,Miami Heat,G-F,27,79,28.6,17.6,89,0.876,226,0.562,562,0.351,11.7,3.3,2.1,0.5,0.1,0.9
Lonnie Walker IV,Los Angeles Lakers,G-F,24.3,56,23.2,20.2,106,0.858,278,0.522,249,0.365,11.7,1.9,1.1,0.5,0.3,0.8
Zach Collins,San Antonio Spurs,F-C,25.4,63,22.9,21.2,142,0.761,401,0.571,147,0.374,11.6,6.4,2.9,0.6,0.8,2
Naz Reid,Minnesota Timberwolves,C-F,23.6,68,18.4,24.8,127,0.677,360,0.653,217,0.346,11.5,4.9,1.1,0.6,0.8,1.4
Josh RiCharlotte Hornetsrdson,San Antonio Spurs,G,29.6,42,23.7,20.6,60,0.883,199,0.518,207,0.357,11.5,2.8,3.3,1,0.3,1.5
Marcus Smart,Boston Celtics,G,29.1,61,32.1,17.8,118,0.746,260,0.519,342,0.336,11.5,3.1,6.3,1.5,0.4,2.3
Bruce Brooklyn Netswn,Denver Nuggets,G-F,26.6,79,28.5,17.7,148,0.764,471,0.548,253,0.36,11.4,4.1,3.3,1.1,0.6,1.6
Kyle Lowry,Miami Heat,G,37,54,31.6,16.8,135,0.859,175,0.509,309,0.346,11.4,4.1,5.1,1.1,0.4,1.9
John Wall,LA Clippers,G,32.6,34,22.2,27.1,113,0.681,229,0.459,109,0.303,11.4,2.7,5.2,0.8,0.4,2.4
Luke Kennard,Memphis Grizzlies,G,26.8,24,24.6,13.8,19,0.947,34,0.471,137,0.54,11.3,3.1,2.3,0.5,0,0.7
Isaiah Stewart,Detroit Pistons,F-C,21.9,50,28.3,17.3,149,0.738,236,0.542,205,0.327,11.3,8.1,1.4,0.4,0.7,1.4
Eric Gordon,LA Clippers,G,34.3,21,25,17.1,38,0.842,64,0.531,104,0.433,11.2,1.7,2.2,0.6,0.4,1
Marcus Morris Sr.,LA Clippers,F,33.6,65,28.1,17.6,87,0.782,336,0.482,307,0.365,11.2,4,1.8,0.6,0.3,0.9
Quentin Grimes,New York Knicks,G,22.9,70,29.8,14.4,97,0.794,192,0.635,397,0.383,11.1,3.3,2.1,0.7,0.4,1
Malik Beasley,Los Angeles Lakers,G,26.4,25,23.8,21,17,0.647,80,0.475,178,0.354,11,3.2,1.1,0.8,0,1.2
Corey Kispert,Washington Wizards,F,24.1,73,28.5,14.1,87,0.851,200,0.635,378,0.418,11,2.8,1.2,0.4,0.1,0.8
Cam Reddish,Portland Trail Blazers,F-G,23.6,20,27.6,17.9,42,0.833,88,0.568,88,0.318,11,2.9,1.9,1.2,0.3,1.6
Jeremy SoCharlotte Hornetsn,San Antonio Spurs,F,19.9,56,26,19.9,116,0.698,418,0.519,134,0.246,11,5.3,2.5,0.8,0.4,1.7
Reggie Jackson,LA Clippers,G,33,52,25.7,20.8,66,0.924,292,0.469,220,0.35,10.9,2.2,3.5,0.7,0.1,1.8
Kentavious Caldwell-Pope,Denver Nuggets,G,30.1,76,31.3,14.1,125,0.824,313,0.502,319,0.423,10.8,2.8,2.4,1.5,0.5,1.1
Bones Hyland,LA Clippers,G,22.6,13,19,26.1,20,0.75,56,0.446,70,0.357,10.8,3.4,3.5,0.8,0.2,1
Jaylen Nowell,Minnesota Timberwolves,G,23.8,65,19.3,25,99,0.778,393,0.542,231,0.29,10.8,2.6,2,0.6,0.1,1
Ivica Zubac,LA Clippers,C,26.1,75,28.6,14.8,238,0.697,505,0.636,2,0,10.8,10,1,0.4,1.3,1.5
Mike Conley,Utah Jazz,G,35.5,43,29.7,16.1,96,0.813,162,0.469,213,0.362,10.7,2.5,7.7,1,0.2,1.7
Talen Horton-Tucker,Utah Jazz,G,22.4,65,20.2,25.9,168,0.75,410,0.485,203,0.286,10.7,3.2,3.8,0.6,0.4,1.9
Julian Charlotte Hornetsmpagnie,San Antonio Spurs,F,21.8,14,19.9,19.1,13,0.846,41,0.585,71,0.423,10.6,3.6,0.5,0.4,0.4,0.8
Jalen McDaniels,Charlotte Hornets,F-C,25.2,56,26.7,17.4,104,0.846,292,0.534,202,0.322,10.6,4.8,2,1.2,0.5,1.4
VicToronto Raptors Oladipo,Miami Heat,G,30.9,41,26.4,20.8,79,0.747,187,0.471,204,0.319,10.5,3.1,3.4,1.3,0.3,2
Moritz Wagner,Orlando Magic,F-C,26,57,19.5,21.1,182,0.841,233,0.631,163,0.313,10.5,4.5,1.5,0.6,0.2,1.2
Grayson Allen,Milwaukee Bucks,G,27.5,72,27.4,14.6,126,0.905,191,0.518,366,0.399,10.4,3.3,2.3,0.9,0.2,1
Josh Hart,New York Knicks,G,28.1,24,30.2,12.4,57,0.789,97,0.619,51,0.529,10.3,6.9,3.6,1.4,0.5,1.5
Tyus Jones,Memphis Grizzlies,G,26.9,80,24.2,17.7,100,0.8,384,0.495,326,0.371,10.3,2.5,5.2,1,0.1,0.9
Monte Morris,Washington Wizards,G,27.8,62,27.4,15.6,77,0.831,311,0.543,204,0.382,10.3,3.4,5.3,0.7,0.2,1
Svi Mykhailiuk,Charlotte Hornets,G-F,25.8,18,21.8,18.9,32,0.656,64,0.484,79,0.43,10.3,2.2,2.6,0.7,0.2,1.1
Cameron Payne,Phoenix Suns,G,28.7,48,20.2,24.8,64,0.766,268,0.448,185,0.368,10.3,2.2,4.5,0.7,0.2,1.7
Patrick Williams,Chicago Bulls,F,21.6,81,28.4,15.8,105,0.857,396,0.5,276,0.417,10.3,4,1.2,0.9,0.9,1.2
San Antonio Spursdro Mamukelashvili,San Antonio Spurs,F-C,23.9,18,22.9,19.5,33,0.727,95,0.537,60,0.317,10.2,6.6,2.3,0.6,0.3,1.3
Doug McDermott,San Antonio Spurs,F,31.3,64,20.5,19.3,70,0.757,225,0.516,298,0.413,10.2,2.2,1.4,0.2,0.1,0.9
Killian Hayes,Detroit Pistons,G,21.7,75,28.2,20.4,104,0.817,519,0.428,278,0.277,10.1,2.8,6.2,1.4,0.4,2.2
De'Anthony Melton,Philadelphia 76ers,G,24.9,77,27.9,16.5,87,0.793,248,0.484,403,0.39,10.1,4.1,2.6,1.6,0.5,1.3
Aaron Nesmith,Indiana Pacers,G-F,23.5,72,24.9,16.8,139,0.835,271,0.491,311,0.367,10.1,3.8,1.3,0.8,0.4,1
Malaki Branham,San Antonio Spurs,F,19.9,65,23.5,19,68,0.824,347,0.533,248,0.302,10,2.7,2,0.5,0.1,1.1
Brandon Clarke,Memphis Grizzlies,F,26.6,56,19.5,17.7,137,0.723,343,0.665,6,0.167,10,5.5,1.3,0.6,0.7,1
Cam Thomas,Brooklyn Nets,G,21.5,56,16.2,27.4,166,0.861,302,0.464,125,0.36,10,1.7,1.4,0.3,0.1,1.1
Luka Samanic,Utah Jazz,F,23.2,6,21.9,17.9,12,0.667,20,0.7,23,0.348,10,4.7,2,0.8,0.3,1.3
Herbert Jones,New Orleans Pelicans,F,24.5,65,29.4,14.6,159,0.761,332,0.536,165,0.339,9.9,4.1,2.4,1.5,0.6,1.3
Jonathan KuMinnesota Timberwolvesga,Golden State Warriors,F,20.5,66,20.8,19.6,136,0.647,343,0.589,145,0.366,9.9,3.4,1.8,0.6,0.4,1.4
Onyeka Okongwu,Atlanta Hawks,F-C,22.3,79,23.1,15.1,194,0.784,479,0.647,11,0.273,9.9,7.2,1,0.7,1.4,1
Jalen Suggs,Orlando Magic,G,21.9,52,23.7,20.4,119,0.723,239,0.498,199,0.322,9.9,3,2.9,1.3,0.5,1.8
Al Horford,Boston Celtics,C-F,36.9,63,30.5,11.9,21,0.714,154,0.539,325,0.446,9.8,6.2,3,0.5,1,0.6
Shaedon Sharpe,Portland Trail Blazers,G,19.9,79,22.2,18.7,103,0.709,355,0.561,275,0.364,9.8,2.9,1.1,0.5,0.3,1
Caleb Martin,Miami Heat,F,27.5,70,29.5,14.5,113,0.805,311,0.543,235,0.357,9.7,4.9,1.7,1,0.4,1.1
Eugene Omoruyi,Detroit Pistons,F,26.1,17,21.9,19.7,47,0.723,76,0.526,58,0.293,9.7,3.5,1,0.8,0.2,1.1
Coby White,Chicago Bulls,G,23.1,73,23.5,17.9,70,0.871,248,0.54,342,0.371,9.7,2.9,2.8,0.7,0.1,1
Keita Bates-Diop,San Antonio Spurs,F,27.2,66,21.7,16.5,146,0.801,311,0.559,140,0.393,9.5,3.7,1.5,0.7,0.3,0.8
Rui HaChicago Bullsmura,Los Angeles Lakers,F,25.2,32,22.3,17.1,58,0.724,181,0.552,65,0.323,9.5,4.7,0.7,0.3,0.4,0.5
Josh Hart,Portland Trail Blazers,G,28.1,51,33.4,12.6,119,0.731,251,0.594,112,0.304,9.5,8.2,3.9,1.1,0.2,1.5
Isaiah Joe,Oklahoma City Thunder,G,23.8,73,19.1,17.7,100,0.82,114,0.553,394,0.409,9.5,2.4,1.2,0.7,0.1,0.5
Gabe Vincent,Miami Heat,G,26.8,67,26.1,17.5,77,0.883,216,0.509,349,0.335,9.5,2.2,2.5,0.9,0.1,1.4
T.J. Warren,Brooklyn Nets,F,29.6,26,18.9,20.9,33,0.818,152,0.566,48,0.333,9.5,2.8,1.1,0.6,0.3,0.7
Kyle Anderson,Minnesota Timberwolves,F-G,29.6,68,28.2,14.5,136,0.735,384,0.534,104,0.413,9.4,5.3,4.9,1.1,0.9,1.5
Chris Boucher,Toronto Raptors,F-C,30.2,75,20.1,18,166,0.759,334,0.584,189,0.328,9.4,5.5,0.4,0.6,0.8,0.5
Donte DiVincenzo,Golden State Warriors,G,26.2,71,26.4,15.1,69,0.812,160,0.525,373,0.397,9.4,4.5,3.4,1.3,0.1,1.5
Jalen Smith,Indiana Pacers,F-C,23.1,68,18.8,21,137,0.759,317,0.593,191,0.283,9.4,5.8,1,0.3,0.9,1.1
Hamidou Diallo,Detroit Pistons,G,24.7,56,17.8,21.9,148,0.588,354,0.593,21,0.238,9.3,3.5,1,0.9,0.3,1.3
Andrew Nembhard,Indiana Pacers,G-F,23.2,74,27.5,16.1,57,0.789,371,0.501,260,0.35,9.3,2.6,4.5,0.9,0.2,1.7
Denver Nuggetsi Avdija,Washington Wizards,F,22.3,76,26.6,16.7,165,0.739,347,0.53,232,0.297,9.2,6.4,2.8,0.9,0.4,1.6
Seth Curry,Brooklyn Nets,G,32.6,61,19.8,19.2,55,0.927,217,0.525,232,0.405,9.2,1.6,1.6,0.6,0.1,0.8
Jalen Duren,Detroit Pistons,C,19.4,66,24.8,14.3,157,0.611,391,0.655,2,0,9.2,8.7,1.1,0.7,0.9,1.3
Tari Eason,Houston Rockets,F,21.9,81,21.5,19.3,141,0.752,480,0.483,169,0.343,9.2,6,1,1.2,0.6,1.2
Walker Kessler,Utah Jazz,C,21.7,74,23,13.3,159,0.516,411,0.723,3,0.333,9.2,8.4,0.9,0.4,2.3,0.8
Precious AChicago Bullsuwa,Toronto Raptors,F,23.6,54,20.6,19.3,124,0.702,290,0.562,103,0.262,9.1,5.8,0.9,0.5,0.6,1.1
Bol Bol,Orlando Magic,C-F,23.4,69,21.4,18.1,107,0.766,356,0.638,110,0.273,9.1,5.8,0.9,0.4,1.2,1.6
Dorian Finney-Smith,Dallas Mavericks,F,29.9,40,32.2,12.8,40,0.75,93,0.559,217,0.355,9.1,4.7,1.5,1,0.5,0.9
Josh Green,Dallas Mavericks,G,22.4,60,25.7,14.6,94,0.723,213,0.643,169,0.402,9.1,3,1.7,0.7,0.1,1.2
Naji Marshall,New Orleans Pelicans,F,25.2,76,23.4,17.9,173,0.786,352,0.511,216,0.306,9.1,3.7,2.5,0.7,0.2,1.3
Jae'Sean Tate,Houston Rockets,F,27.4,31,21.8,18.8,69,0.725,183,0.53,46,0.283,9.1,3.8,2.7,0.7,0.2,1.5
San Antonio Spursti Aldama,Memphis Grizzlies,F-C,22.2,77,21.8,16,144,0.75,259,0.591,266,0.353,9,4.8,1.3,0.6,0.6,0.8
Jose Alvarado,New Orleans Pelicans,G,25,61,21.5,19.8,80,0.813,242,0.488,247,0.336,9,2.3,3,1.1,0.2,1.3
Daniel Gafford,Washington Wizards,F-C,24.5,78,20.6,15.2,187,0.679,395,0.732,0,0,9,5.6,1.1,0.4,1.3,1.1
Taurean Prince,Minnesota Timberwolves,F,29,53,21.8,17.2,74,0.851,177,0.554,188,0.383,9,2.4,1.6,0.5,0.3,1.3
Jeenathan Williams,Portland Trail Blazers,G,24.2,4,23.9,13.9,1,0,21,0.714,6,0.333,9,2.8,1.8,0.8,0.5,0.8
Terance Mann,LA Clippers,G-F,26.5,80,23.2,15.4,118,0.78,321,0.601,198,0.389,8.9,3.4,2.3,0.5,0.3,1
AJ Griffin,Atlanta Hawks,F,19.6,71,19.3,17.8,44,0.909,266,0.538,254,0.394,8.8,2.1,1,0.6,0.2,0.6
Royce O'Neale,Brooklyn Nets,F,29.8,76,31.7,13.6,69,0.725,174,0.379,419,0.389,8.8,5.1,3.7,0.9,0.6,1.5
Cedi Osman,Cleveland Cavaliers,F,28,76,20.2,18.2,105,0.695,215,0.567,311,0.373,8.8,2.3,1.5,0.4,0.1,0.7
Terrence Ross,Phoenix Suns,G-F,32.2,20,17.8,19.5,12,0.833,58,0.569,93,0.355,8.8,3.3,1.9,0.5,0.1,0.3
Denver Nuggetsnis Smith Jr.,Charlotte Hornets,G,25.4,54,25.7,17.6,106,0.736,341,0.475,111,0.216,8.8,3.1,4.8,1.4,0.5,1.5
Shaquille Harrison,Portland Trail Blazers,G,29.5,5,24,17.6,15,0.733,26,0.462,10,0.3,8.8,4.4,6,2.2,0.4,1.2
T.J. McConnell,Indiana Pacers,G,31,75,20.4,19.1,68,0.853,462,0.556,59,0.441,8.7,3.1,5.3,1.1,0.1,1.9
Mark Williams,Charlotte Hornets,C,21.3,42,19,16.8,91,0.692,241,0.627,0,0,8.7,7,0.4,0.6,1,0.9
Steven Adams,Memphis Grizzlies,C,29.7,42,27,14.6,129,0.364,262,0.599,1,0,8.6,11.5,2.3,0.9,1.1,1.9
Ayo Dosunmu,Chicago Bulls,G,23.2,79,26.2,14.8,81,0.815,375,0.584,185,0.314,8.6,2.7,2.6,0.8,0.3,1.3
Kevin Love,Cleveland Cavaliers,F-C,34.6,41,20,19.6,63,0.889,90,0.467,195,0.354,8.5,6.8,1.9,0.2,0.2,1.1
Landry Shamet,Phoenix Suns,G,26.1,39,20.2,18.9,50,0.88,97,0.371,194,0.371,8.5,1.6,2.2,0.7,0.1,0.9
Gabe York,Indiana Pacers,G,20,2,21.8,14.4,2,1,1,0,13,0.385,8.5,3,2,0.5,0,0
Draymond Green,Golden State Warriors,F,33.1,72,31.7,13.2,108,0.713,338,0.612,129,0.302,8.4,7.3,6.9,1,0.8,2.8
JaDenver Nuggets Hardy,Dallas Mavericks,G,20.8,47,14.5,26,77,0.818,161,0.453,149,0.416,8.4,1.8,1.3,0.4,0.1,1
Cam Reddish,New York Knicks,F-G,23.6,20,21.9,16.2,33,0.879,80,0.55,56,0.304,8.4,1.6,1,0.8,0.4,0.8
Gary Harris,Orlando Magic,G,28.6,48,24.7,12.6,30,0.9,89,0.494,218,0.431,8.3,2,1.2,0.9,0.3,0.6
Kevin Knox II,Portland Trail Blazers,F,23.7,20,16.3,22.1,23,0.739,76,0.579,61,0.328,8.3,3.5,0.9,0.5,0,0.9
Jarred Vanderbilt,Utah Jazz,F,24,52,24.1,14.1,102,0.657,254,0.606,57,0.333,8.3,7.8,2.7,1,0.3,1.3
Damion Lee,Phoenix Suns,G-F,30.5,73,20.2,16.4,102,0.902,201,0.433,244,0.451,8.2,3,1.3,0.4,0.1,1
Shake Milwaukee Buckston,Philadelphia 76ers,G-F,26.5,75,20.4,18.5,114,0.851,345,0.519,145,0.372,8.2,2.5,3.1,0.3,0.2,1.2
Georges Niang,Philadelphia 76ers,F,29.8,78,19.4,17,45,0.867,118,0.576,384,0.401,8.2,2.4,1,0.4,0.2,0.7
Grant Williams,Boston Celtics,F,24.4,78,26.1,13.1,122,0.77,183,0.546,291,0.395,8.2,4.6,1.7,0.5,0.4,1.1
Jevon Carter,Milwaukee Bucks,G,27.6,80,22.4,15.3,38,0.816,227,0.427,332,0.422,8.1,2.5,2.4,0.8,0.4,1
Aleksej Pokusevski,Oklahoma City Thunder,C,21.3,34,20.6,18.3,35,0.629,145,0.483,104,0.365,8.1,4.7,1.9,0.6,1.3,1.3
Nick RiCharlotte Hornetsrds,Charlotte Hornets,C,25.4,64,18.7,15.6,178,0.742,308,0.627,1,1,8.1,6.4,0.6,0.2,1.1,0.9
Terrence Ross,Orlando Magic,G-F,32.2,42,22.5,15.7,20,0.75,139,0.489,160,0.381,8,2,1.3,0.6,0.2,0.9
Kemba Walker,Dallas Mavericks,G,32.9,9,16,22.1,21,0.81,29,0.586,28,0.25,8,1.8,2.1,0.2,0.2,0.4
Robert Williams III,Boston Celtics,C-F,25.5,35,23.5,11.8,41,0.61,169,0.751,1,0,8,8.3,1.4,0.6,1.4,1
Kenrich Williams,Oklahoma City Thunder,G-F,28.4,53,22.8,13.7,39,0.436,212,0.608,134,0.373,8,4.9,2,0.8,0.3,0.6
OCharlotte Hornetsi Agbaji,Utah Jazz,G,23,58,20.4,15.6,69,0.812,148,0.541,225,0.36,7.9,2.1,1,0.3,0.3,0.7
Chris Duarte,Indiana Pacers,G,25.8,46,19.5,19,72,0.847,159,0.428,174,0.316,7.9,2.5,1.4,0.5,0.2,0.9
Duane Washington Wizardshington Jr.,Phoenix Suns,G,23,31,12.7,32.5,24,0.667,145,0.372,111,0.36,7.9,1.2,2,0.2,0.1,1.1
Jeff Green,Denver Nuggets,F,36.6,56,19.5,17,117,0.744,224,0.58,104,0.288,7.8,2.6,1.2,0.3,0.3,0.8
Luke Kennard,LA Clippers,G,26.8,35,20.7,15,20,0.95,79,0.494,132,0.447,7.8,2.4,1.1,0.5,0.1,0.9
Josh RiCharlotte Hornetsrdson,New Orleans Pelicans,G,29.6,22,22.9,14.8,21,0.762,59,0.475,84,0.393,7.8,2.3,1.6,1.3,0.4,1
Will Barton,Washington Wizards,G,32.3,40,19.6,19.4,45,0.778,147,0.395,137,0.38,7.7,2.8,2.4,0.4,0.3,1.1
R.J. Hampton,Detroit Pistons,G,22.2,20,19.3,17.8,39,0.667,60,0.483,63,0.365,7.7,2.4,1,0.6,0.3,1.1
Kevin Love,Miami Heat,F-C,34.6,20,20.5,18.4,28,0.857,37,0.622,97,0.289,7.7,5.7,2,0.5,0.3,1.2
Trey Lyles,Sacramento Kings,F,27.4,73,16.8,18.2,124,0.815,167,0.593,237,0.367,7.7,4.1,0.9,0.4,0.4,0.8
Pat Connaughton,Milwaukee Bucks,G,30.3,61,23.7,13.8,41,0.659,99,0.566,322,0.339,7.6,4.6,1.3,0.6,0.2,0.5
Joe Harris,Brooklyn Nets,G-F,31.6,74,20.6,14.3,28,0.643,107,0.551,333,0.426,7.6,2.2,1.4,0.5,0.2,0.6
Toronto Raptorsrey Craig,Phoenix Suns,F,32.3,78,24.9,13,45,0.711,246,0.52,253,0.391,7.5,5.4,1.5,0.6,0.8,0.9
Tre Mann,Oklahoma City Thunder,G,22.2,66,17.2,20.7,50,0.74,232,0.466,253,0.316,7.5,2.2,1.6,0.6,0.2,0.9
Reggie Jackson,Denver Nuggets,G,33,15,19.6,20.8,12,0.833,55,0.455,62,0.274,7.4,1.7,3.1,0.5,0.1,1.2
Kendrick Nunn,Washington Wizards,G,27.7,30,13.8,24.1,18,0.889,97,0.505,93,0.387,7.4,1.6,1.8,0.5,0.1,1
Mason Plumlee,LA Clippers,F-C,33.1,22,19.8,13.7,55,0.782,82,0.732,0,0,7.4,7,1.7,0.5,0.5,1.4
Dario Saric,Oklahoma City Thunder,F,29,20,13.7,20.2,32,0.844,53,0.623,46,0.391,7.4,3.3,0.9,0.4,0.1,1
Matisse Thybulle,Portland Trail Blazers,G-F,26.1,22,27.7,11.4,16,0.625,52,0.519,85,0.388,7.4,3.5,1.4,1.7,0.8,0.7
Delon Wright,Washington Wizards,G,31,50,24.4,12.9,60,0.867,172,0.564,120,0.342,7.4,3.6,3.9,1.8,0.3,0.9
Mo Bamba,Orlando Magic,C,24.9,40,17,16.3,51,0.686,106,0.594,108,0.398,7.3,4.6,1.1,0.3,1,0.6
Josh Okogie,Phoenix Suns,G,24.6,71,18.6,17.6,188,0.723,209,0.45,192,0.333,7.3,3.4,1.4,0.8,0.5,0.9
Mitchell Robinson,New York Knicks,C-F,25,58,26.9,9.9,118,0.492,270,0.681,0,0,7.3,9.2,0.9,0.9,1.8,0.7
Trendon Watford,Portland Trail Blazers,F,22.4,61,19.1,15.9,96,0.729,252,0.607,63,0.381,7.3,3.8,2.1,0.5,0.2,1.1
Jay Huff,Washington Wizards,C,25.6,7,13.6,17,16,0.938,13,0.692,12,0.5,7.3,3,1.4,0.4,0.6,0.7
Reggie Bullock,Dallas Mavericks,G-F,32.1,78,30.3,10,37,0.703,73,0.562,397,0.38,7.2,3.6,1.4,0.7,0.2,0.5
Dorian Finney-Smith,Brooklyn Nets,F,29.9,26,27.7,13.9,19,0.789,70,0.429,121,0.306,7.2,4.9,1.6,0.7,0.6,1
Isaiah Jackson,Indiana Pacers,F,21.2,62,16.4,17.5,140,0.65,298,0.591,14,0.143,7.2,4.4,0.8,0.5,1.5,0.8
Troy Brooklyn Netswn Jr.,Los Angeles Lakers,G-F,23.7,75,24.6,12.1,37,0.892,182,0.505,278,0.381,7.1,4.1,1.3,0.8,0.2,0.7
Willy Hernangomez,New Orleans Pelicans,C-F,28.9,37,12.4,23.8,104,0.779,158,0.544,11,0.273,7.1,4.9,0.9,0.5,0.4,1.1
Kevon Looney,Golden State Warriors,F,27.2,81,23.9,10.7,155,0.606,379,0.633,1,0,7.1,9.3,2.5,0.6,0.6,0.6
Edmond Sumner,Brooklyn Nets,G,27.3,53,13.9,22.1,108,0.917,182,0.511,87,0.356,7.1,1.5,1.3,0.6,0.2,0.9
Joe Ingles,Milwaukee Bucks,F-G,35.5,45,22.8,12.6,21,0.857,44,0.545,201,0.413,7,2.8,3.2,0.7,0.1,1.2
Romeo Langford,San Antonio Spurs,G-F,23.5,42,19.8,15.4,53,0.679,196,0.531,60,0.267,7,2.7,1.2,0.6,0.3,0.7
Joshua Primo,San Antonio Spurs,G,20.3,4,23.4,18.1,9,0.778,14,0.429,12,0.25,7,3.3,4.5,0.3,0.5,2.8
Daniel Theis,Indiana Pacers,F-C,31,7,15.5,20.2,12,0.417,33,0.576,11,0.182,7,3.1,1.3,0.3,0.9,0.4
Xavier Tillman,Memphis Grizzlies,F,24.2,61,19.3,13.7,89,0.551,291,0.632,15,0.267,7,5,1.6,1,0.5,0.7
Obi Toppin,New York Knicks,F,25.1,66,15.4,19.2,44,0.795,159,0.591,237,0.338,7,2.7,0.9,0.3,0.2,0.6
Jarred Vanderbilt,Los Angeles Lakers,F,24,25,24.2,12.3,35,0.771,101,0.584,32,0.313,7,6.8,1.6,1.2,0.2,1.1
Ty Jerome,Golden State Warriors,G-F,25.8,45,18.1,14.9,41,0.927,152,0.546,90,0.389,6.9,1.7,3,0.5,0.1,0.7
Cory Joseph,Detroit Pistons,G,31.6,61,19.5,15.3,71,0.803,168,0.47,173,0.399,6.9,1.7,3.4,0.6,0.1,0.9
Larry Nance Jr.,New Orleans Pelicans,F-C,30.3,64,21.3,12,79,0.696,261,0.655,42,0.333,6.9,5.5,1.8,0.9,0.6,0.7
Ben Simmons,Brooklyn Nets,G-F,26.7,42,26.3,14.3,57,0.439,233,0.571,2,0,6.9,6.3,6.1,1.3,0.5,2.3
Aaron Wiggins,Oklahoma City Thunder,G-F,24.3,69,18.7,14.4,71,0.831,238,0.567,121,0.397,6.9,3,1.2,0.6,0.2,0.8
James Wiseman,Golden State Warriors,C,22,21,12.5,20,38,0.684,92,0.63,2,0.5,6.9,3.5,0.7,0.1,0.3,0.7
Terence Davis,Sacramento Kings,G,25.9,63,13.1,22.2,41,0.829,120,0.533,235,0.374,6.8,2.2,1.1,0.7,0.2,0.8
Justise Winslow,Portland Trail Blazers,F-G,27,29,26.8,14.2,28,0.714,153,0.438,45,0.311,6.8,5,3.4,1,0.4,1.5
Anthony Lamb,Golden State Warriors,F,25.2,61,19.4,13.9,60,0.767,113,0.646,199,0.367,6.7,3.5,1.5,0.5,0.3,0.9
Isaiah Livers,Detroit Pistons,F,24.7,52,23.1,11.9,39,0.821,85,0.541,203,0.365,6.7,2.8,0.8,0.5,0.5,0.6
Kendrick Nunn,Los Angeles Lakers,G,27.7,39,13.5,23.4,21,0.81,125,0.488,126,0.325,6.7,1.4,0.9,0.3,0.1,0.8
Dwight Powell,Dallas Mavericks,F-C,31.7,76,19.2,12.7,168,0.667,264,0.746,5,0,6.7,4.1,0.9,0.6,0.3,0.9
JereMiami Heath Robinson-Earl,Oklahoma City Thunder,F,22.4,42,18.4,14.6,40,0.825,130,0.554,105,0.333,6.7,4.1,1,0.6,0.3,0.5
Drew Eubanks,Portland Trail Blazers,F-C,26.2,78,20.3,12.5,125,0.664,316,0.655,18,0.389,6.6,5.4,1.3,0.5,1.3,0.9
Nassir Little,Portland Trail Blazers,F-G,23.2,54,18.1,16,46,0.717,145,0.524,158,0.367,6.6,2.6,0.9,0.4,0.4,0.7
Jalen McDaniels,Philadelphia 76ers,F-C,25.2,23,17.4,16.1,34,0.824,86,0.512,30,0.4,6.6,3.2,0.7,0.7,0.2,0.6
David Roddy,Memphis Grizzlies,F,22,69,17.6,16.5,65,0.631,197,0.563,204,0.309,6.6,2.7,0.8,0.4,0.3,0.8
Cody Zeller,Miami Heat,F-C,30.5,14,14.6,18.4,31,0.71,55,0.636,2,0,6.6,4.3,0.6,0.2,0.3,1
Brandon Boston Celticston Jr.,LA Clippers,G,21.4,22,11.3,26.5,38,0.763,93,0.419,29,0.414,6.5,1.4,0.9,0.4,0,0.5
Jae Crowder,Milwaukee Bucks,F,32.8,17,18.5,12.6,12,0.833,33,0.576,49,0.429,6.5,3.8,1.2,0.6,0.4,0.4
Goran Dragic,Chicago Bulls,G,36.9,50,15.6,21,41,0.659,170,0.482,128,0.352,6.5,1.4,2.8,0.2,0.1,1.1
Luka Garza,Minnesota Timberwolves,C,24.3,28,8.7,26.9,52,0.788,77,0.636,39,0.359,6.5,2.3,0.6,0.1,0.1,0.5
JaMyCharlotte Hornetsl Green,Golden State Warriors,F-C,32.8,56,14,17.7,67,0.776,140,0.664,110,0.382,6.5,3.6,0.9,0.4,0.4,0.9
Jock LanDallas Maverickse,Phoenix Suns,C,27.5,68,14.1,19.1,105,0.752,241,0.627,83,0.241,6.5,4,1,0.2,0.4,0.9
Jay Scrubb,Orlando Magic,G,22.6,2,15.1,15.5,2,0.5,5,0.6,2,1,6.5,3,0.5,1,0.5,1.5
Patrick Beverley,Los Angeles Lakers,G,34.7,45,26.9,10.6,50,0.78,83,0.506,158,0.348,6.4,3.1,2.6,0.9,0.6,0.9
Theo Maledon,Charlotte Hornets,G,21.8,43,18.9,17,70,0.843,148,0.453,93,0.301,6.4,2.7,3.4,0.8,0.3,1.3
Isaac Okoro,Cleveland Cavaliers,F-G,22.2,76,21.7,12,103,0.757,183,0.617,171,0.363,6.4,2.5,1.1,0.7,0.4,0.6
Nickeil Alexander-Walker,Utah Jazz,G,24.6,36,14.7,18.4,39,0.692,83,0.578,87,0.402,6.3,1.6,2.1,0.7,0.4,1.3
Evan Fournier,New York Knicks,G-F,30.4,26,17.2,18.5,21,0.857,51,0.412,111,0.315,6.3,1.8,1.4,0.6,0.1,0.8
Jordan Goodwin,Washington Wizards,G,24.5,61,17.6,17,65,0.769,229,0.502,110,0.318,6.3,3.3,2.7,0.9,0.4,0.9
Nicolas Batum,LA Clippers,G-F,34.3,77,21.9,11.6,48,0.708,64,0.563,315,0.394,6.2,3.8,1.6,0.7,0.6,0.6
Sam Hauser,Boston Celtics,F,25.3,79,15.8,14.5,17,0.706,59,0.661,321,0.411,6.2,2.5,0.8,0.4,0.3,0.4
Mike Muscala,Oklahoma City Thunder,F-C,31.8,43,14.5,15.7,39,0.795,61,0.541,142,0.394,6.2,3.1,0.9,0.3,0.4,0.3
Robert Covington,LA Clippers,F,32.3,47,16.5,15.7,40,0.75,93,0.516,136,0.397,6.1,3.5,1.2,0.8,0.7,0.7
Nickeil Alexander-Walker,Minnesota Timberwolves,G,24.6,22,15.4,17.4,21,0.619,53,0.415,68,0.368,6,1.9,1.3,0.4,0.3,0.4
Patrick Beverley,Chicago Bulls,G,34.7,21,27.7,10.7,15,0.533,37,0.568,79,0.316,6,5,3.4,1,0.7,0.9
Oshae Brissett,Indiana Pacers,F-G,24.8,64,16.5,15.7,138,0.725,152,0.467,152,0.316,6,3.3,0.6,0.5,0.2,0.5
Simone FontecChicago Bullso,Utah Jazz,F,27.3,51,14.4,20,44,0.795,114,0.421,180,0.328,6,1.5,0.8,0.3,0.2,0.8
Patty Milwaukee Bucksls,Brooklyn Nets,G,34.7,39,13.6,19.6,23,0.913,73,0.493,125,0.376,6,1.1,1.4,0.4,0.1,0.7
Jordan Nwora,Milwaukee Bucks,F,24.6,38,15.7,17.6,43,0.86,95,0.379,102,0.392,6,3.1,1,0.3,0.2,0.9
Duncan Robinson,Miami Heat,F,29,41,16,17.7,26,0.923,42,0.524,181,0.331,6,1.6,1,0.3,0,0.7
Gary Payton II,Golden State Warriors,G,30.4,6,15.3,13.4,3,0.667,15,0.733,9,0.444,6,3.7,0.7,0.3,0.7,0.7
Goga Bitadze,Orlando Magic,C-F,23.7,16,14.6,15.8,18,0.667,57,0.667,12,0.167,5.9,5,1.3,0.4,1,0.6
Andre Drummond,Chicago Bulls,C,29.7,66,12.7,20.8,121,0.537,264,0.617,3,0,5.9,6.6,0.5,0.7,0.4,1.1
Stanley Johnson,San Antonio Spurs,F-G,26.9,30,15.6,15.3,39,0.667,83,0.578,40,0.45,5.9,3.2,2.2,0.5,0.2,1.1
Maxi Kleber,Dallas Mavericks,F,31.2,37,25.1,10.4,38,0.711,57,0.667,112,0.348,5.9,3.6,1.4,0.3,0.8,0.7
Jaylin Williams,Oklahoma City Thunder,F,20.8,49,18.7,13.4,54,0.704,121,0.463,112,0.411,5.9,4.9,1.6,0.6,0.2,0.8
Dario Saric,Phoenix Suns,F,29,37,14.4,18.7,44,0.818,109,0.45,69,0.391,5.8,3.8,1.5,0.4,0.1,1
Charlotte Hornetsrles Bassey,San Antonio Spurs,C-F,22.4,35,14.5,15.7,37,0.595,127,0.661,8,0.375,5.7,5.5,1.3,0.5,0.9,1.2
Josh Christopher,Houston Rockets,G,21.3,63,12,22,58,0.759,231,0.545,88,0.239,5.7,1.1,1.1,0.5,0.2,0.9
Dewayne Dedmon,Miami Heat,C,33.7,30,11.7,21.3,44,0.727,92,0.576,37,0.297,5.7,3.6,0.5,0.2,0.5,0.6
R.J. Hampton,Orlando Magic,G,22.2,26,13.9,18,37,0.838,61,0.525,53,0.34,5.7,1.5,1.3,0.6,0.2,0.8
Rodney McGruder,Detroit Pistons,G,31.7,32,16.4,14,22,0.818,55,0.382,97,0.423,5.7,2.3,0.9,0.5,0,0.3
Alex Caruso,Chicago Bulls,G,29.1,66,23.6,11.1,73,0.808,134,0.552,149,0.369,5.6,3,2.9,1.5,0.7,1.2
Johnny Davis,Washington Wizards,G,21.1,27,14.2,20,23,0.522,96,0.5,55,0.255,5.6,2.1,0.7,0.3,0.3,0.6
Danny Green,Cleveland Cavaliers,G,35.8,7,10.1,19.3,1,1,7,0.571,19,0.526,5.6,0.9,0.4,0.7,0.3,0.6
Jalen Johnson,Atlanta Hawks,F,21.3,68,15,15.9,76,0.632,212,0.585,100,0.28,5.6,4.1,1.2,0.5,0.5,0.6
Kevin Knox II,Detroit Pistons,F,23.7,42,14.1,16.2,33,0.788,63,0.651,116,0.371,5.6,2.6,0.4,0.3,0.3,0.8
Davion Mitchell,Sacramento Kings,G,24.6,80,18.1,14.1,31,0.806,202,0.584,197,0.32,5.6,1.3,2.3,0.6,0.2,0.8
Derrick Rose,New York Knicks,G,34.5,27,12.5,23.7,12,0.917,96,0.438,63,0.302,5.6,1.5,1.7,0.3,0.2,0.8
Wenyen Gabriel,Los Angeles Lakers,F,26,67,15.1,14.2,84,0.619,221,0.647,36,0.278,5.5,4.2,0.5,0.4,0.5,0.7
Nikola Jovic,Miami Heat,F,19.8,15,13.6,19,19,0.947,34,0.588,35,0.229,5.5,2.1,0.7,0.5,0.1,0.7
Saben Lee,Phoenix Suns,G,23.8,22,14.5,18.4,49,0.735,75,0.4,21,0.381,5.5,1.9,2.5,0.7,0,0.9
Otto Portland Trail Blazerster Jr.,Toronto Raptors,F,29.9,8,18.3,10.9,8,1,13,0.692,17,0.353,5.5,2.4,1,1.4,0,0.5
YUtah Jazz Watanabe,Brooklyn Nets,G-F,28.5,57,15.7,13.1,45,0.733,95,0.558,129,0.45,5.5,2.4,0.8,0.4,0.3,0.4
LIndiana Pacersell Wigginton,Milwaukee Bucks,G,25,6,9.9,26.5,3,1,15,0.6,14,0.286,5.5,1,2.2,0,0.2,1.2
Jarrell Brantley,Utah Jazz,F,26.8,4,9.8,18.1,2,1,5,0.8,9,0.444,5.5,1.5,0.8,0,0.5,0.5
Darius Bazley,Oklahoma City Thunder,F-G,22.8,36,15.4,15.7,65,0.554,113,0.469,45,0.4,5.4,3.4,0.9,0.5,0.8,0.6
James Bouknight,Charlotte Hornets,G,22.6,33,14.8,19.3,27,0.667,80,0.425,101,0.307,5.4,2.1,1.2,0.4,0.2,0.9
Montrezl Harrell,Philadelphia 76ers,F-C,29.2,56,11.8,18.6,94,0.691,195,0.615,4,0,5.4,2.7,0.6,0.3,0.4,0.6
Devonte' Graham,New Orleans Pelicans,G,28.1,53,15.3,15,59,0.746,41,0.463,190,0.347,5.3,1.4,2.2,0.6,0.2,0.5
Lamar Stevens,Cleveland Cavaliers,F,25.8,61,18.1,13.7,57,0.702,190,0.516,95,0.316,5.3,3.3,0.5,0.4,0.3,0.4
Rudy Gay,Utah Jazz,F-G,36.6,56,14.6,17.7,49,0.857,157,0.484,130,0.254,5.2,2.9,1,0.3,0.3,0.7
Javonte Green,Chicago Bulls,G-F,29.7,32,15,13.6,45,0.667,73,0.658,35,0.371,5.2,2.8,0.7,0.8,0.7,0.6
Ricky Rubio,Cleveland Cavaliers,G,32.5,32,16.9,17.4,33,0.788,89,0.427,78,0.269,5.2,2,3.4,0.8,0.2,0.9
LIndiana Pacersy Waters III,Oklahoma City Thunder,F,25.7,40,12.9,15.4,20,0.8,16,0.75,156,0.359,5.2,1.8,0.7,0.4,0.3,0.3
Ziaire Williams,Memphis Grizzlies,F,21.6,36,14.7,17.4,18,0.778,88,0.602,89,0.247,5.2,2.1,0.7,0.4,0.1,1
DeAndre Jordan,Denver Nuggets,C,34.7,38,14.7,13.8,46,0.435,111,0.766,1,1,5.1,5.1,0.8,0.3,0.6,1.2
John KonCharlotte Hornetsr,Memphis Grizzlies,G,27,71,20.5,10.4,36,0.778,140,0.55,175,0.343,5.1,4.2,1.4,1,0.3,0.5
Payton PritCharlotte Hornetsrd,Boston Celtics,G,25.2,47,12.7,19.3,15,0.733,86,0.512,138,0.341,5.1,1.6,1.1,0.3,0,0.7
MarJon BeauCharlotte Hornetsmp,Milwaukee Bucks,F,22.5,51,13.1,18.4,37,0.73,96,0.49,137,0.328,5,2.1,0.6,0.4,0.1,0.8
Jaxson Hayes,New Orleans Pelicans,C-F,22.9,47,13,15.7,83,0.699,127,0.654,29,0.103,5,2.8,0.7,0.4,0.4,0.7
George Hill,Milwaukee Bucks,G,36.9,35,19.1,11.3,46,0.739,58,0.621,74,0.311,5,1.9,2.5,0.5,0.1,0.8
Jonathan Isaac,Orlando Magic,F,25.5,11,11.3,21.1,9,0.556,38,0.421,15,0.4,5,4,0.5,1.3,0.4,0.4
Derrick Jones Jr.,Chicago Bulls,F,26.1,63,14,14.3,84,0.738,147,0.585,77,0.351,5,2.3,0.5,0.4,0.6,0.4
Cody Martin,Charlotte Hornets,F,27.5,7,19.1,12.9,7,0.571,22,0.5,14,0.214,5,3.4,1.6,0.6,0.1,0.3
Bryce McGowens,Charlotte Hornets,G,20.4,45,16.8,14.5,70,0.729,115,0.426,76,0.329,5,2,1.1,0.3,0.1,0.9
Zeke Nnaji,Denver Nuggets,F-C,22.2,52,13.5,14.5,60,0.667,124,0.702,56,0.268,5,2.5,0.3,0.3,0.4,0.5
Justin Minnesota Timberwolvesaya,Portland Trail Blazers,F,24,3,21.7,12,0,0,6,0.5,9,0.333,5,3.7,1,0.7,1.3,1
Mac McClung,Philadelphia 76ers,G,24.3,1,7.8,33.7,2,1,1,0,2,0.5,5,1,0,0,0,2
Vlatko Cancar,Denver Nuggets,F,26,59,14.7,13.8,36,0.917,109,0.587,114,0.368,4.9,2.1,1.3,0.3,0.2,0.6
Isaiah Hartenstein,New York Knicks,C-F,24.9,81,19.8,11.2,71,0.676,283,0.576,37,0.216,4.9,6.6,1.2,0.6,0.8,0.8
Eugene Omoruyi,Oklahoma City Thunder,F,26.1,23,11.8,18.7,28,0.607,63,0.571,31,0.258,4.9,2.3,0.5,0.6,0,0.7
Austin Rivers,Minnesota Timberwolves,G,30.7,52,19.5,10.5,39,0.769,86,0.558,123,0.35,4.9,1.6,1.4,0.5,0.1,0.4
Garrison Mathews,Houston Rockets,G,26.5,45,13.4,14.3,45,0.911,15,0.467,155,0.342,4.8,1.4,0.5,0.5,0.1,0.4
Chicago Bullsmezie Metu,Sacramento Kings,F-C,26,65,10.4,17.5,67,0.731,178,0.663,37,0.243,4.8,3,0.6,0.3,0.3,0.5
Mike Muscala,Boston Celtics,F-C,31.8,19,15.2,12.9,6,0.667,18,0.667,58,0.362,4.8,3.2,0.5,0.2,0.3,0.4
Blake Wesley,San Antonio Spurs,G,20.1,36,17.7,18.6,44,0.591,155,0.303,49,0.367,4.8,2.1,2.5,0.7,0.1,1.7
Christian Braun,Denver Nuggets,G,22,75,15.4,12.8,62,0.613,186,0.565,94,0.362,4.7,2.4,0.8,0.5,0.2,0.4
Jamal Cain,Miami Heat,F,24.1,17,13,14.3,19,0.789,43,0.651,16,0.188,4.7,2.8,0.6,0.5,0.1,0.2
Danuel Houston Rocketsse Jr.,Philadelphia 76ers,F-G,29.8,55,14.2,13.5,57,0.737,79,0.671,107,0.346,4.7,1.6,0.7,0.3,0.2,0.5
Keon Johnson,Portland Trail Blazers,G,21.1,40,10.4,25,41,0.659,97,0.402,81,0.346,4.7,1.1,1.5,0.5,0.2,1.1
Day'Ron Sharpe,Brooklyn Nets,F,21.4,47,11.2,19.4,54,0.63,154,0.552,11,0.545,4.7,4,0.7,0.3,0.6,0.9
Moses Brooklyn Netswn,LA Clippers,C,23.5,34,8.5,21.5,72,0.458,96,0.635,0,0,4.6,4.1,0.1,0.1,0.4,0.4
Quenton Jackson,Washington Wizards,G,24.6,8,12.8,17.8,20,0.8,19,0.474,10,0.1,4.6,0.8,1.3,0.3,0.1,0.5
Johnny Juzang,Utah Jazz,G,22.1,17,12.7,19.3,4,0.5,34,0.471,61,0.246,4.6,2.1,0.5,0.2,0.2,0.2
Kira Lewis Jr.,New Orleans Pelicans,G,22,25,9.4,19.7,22,0.864,54,0.463,34,0.441,4.6,1.3,0.9,0.4,0.1,0.4
Dean Wade,Cleveland Cavaliers,F-C,26.4,43,20.2,10.2,23,0.652,48,0.583,123,0.341,4.6,3.4,0.8,0.6,0.5,0.4
TyTy Washington Wizardshington Jr.,Houston Rockets,G,21.4,30,13.8,17.7,16,0.625,77,0.494,78,0.218,4.6,1.4,1.6,0.4,0.1,0.5
Ousmane Dieng,Oklahoma City Thunder,F,19.9,38,13.8,15.6,18,0.611,76,0.579,90,0.267,4.5,2.6,1,0.3,0.2,0.6
Justin Holiday,Atlanta Hawks,F-G,34,28,14.7,14,0,0,38,0.474,87,0.345,4.5,0.8,0.9,0.2,0.4,0.4
Moses Moody,Golden State Warriors,G,20.9,62,12.7,14.4,52,0.692,85,0.624,128,0.352,4.5,1.6,0.8,0.3,0.1,0.5
Dallas MaverickSan Antonio Spurso Banton,Toronto Raptors,F,23.4,30,8.6,23.8,22,0.727,71,0.493,48,0.313,4.4,1.3,1,0.4,0.4,0.5
Jarrett Culver,Atlanta Hawks,G-F,24.1,10,13.7,17.1,13,0.692,31,0.516,12,0.083,4.4,3.8,0.6,0.6,0.2,0.7
A.J. Green,Milwaukee Bucks,G,23.5,35,9.9,16.5,4,1,20,0.45,105,0.419,4.4,1.3,0.6,0.1,0,0.3
Haywood Highsmith,Miami Heat,F,26.3,53,17.8,12.6,28,0.464,105,0.524,108,0.343,4.4,3.4,0.8,0.7,0.3,0.8
Justin Holiday,Dallas Mavericks,F-G,34,17,16,13.9,8,0.625,19,0.632,51,0.294,4.4,1.8,0.9,0.8,0.5,0.6
DaMiami Heatn Jones,Utah Jazz,C,27.8,18,15.5,9.3,9,0.778,31,0.677,13,0.769,4.4,3.4,0.6,0.3,0.5,0.8
JaVale McGee,Dallas Mavericks,C-F,35.2,42,8.4,22.9,41,0.585,120,0.65,5,0.4,4.4,2.5,0.3,0.1,0.6,0.9
Chuma Okeke,Orlando Magic,F,24.6,26,18.7,12,21,0.762,33,0.485,78,0.282,4.4,3.5,1.2,0.6,0.4,0.6
Thaddeus Young,Toronto Raptors,F,34.8,54,14.7,13.5,26,0.692,164,0.622,34,0.176,4.4,3.1,1.4,1,0.1,0.8
Davis Bertans,Dallas Mavericks,F,30.4,44,10.5,16,15,0.867,17,0.706,130,0.385,4.3,1,0.5,0.3,0.1,0.2
Bismack Biyombo,Phoenix Suns,C,30.6,61,14.3,14.1,70,0.357,206,0.578,0,0,4.3,4.2,0.9,0.3,1.4,0.8
MaLA Clippershicago Bulls Flynn,Toronto Raptors,G,24.9,52,12.6,17.2,29,0.724,99,0.354,129,0.349,4.3,1.4,1.3,0.4,0.1,0.4
Xavier Sneed,Charlotte Hornets,F,25.3,4,12.1,12.9,4,1,4,0.5,6,0.5,4.3,1.3,1.3,0,0.3,0.8
Thomas Bryant,Denver Nuggets,C-F,25.7,17,10.8,18.5,18,0.722,54,0.481,6,0.333,4.2,3.1,0.1,0.1,0.4,0.6
Kessler Edwards,Sacramento Kings,F,22.7,21,14.1,12.1,15,0.8,26,0.615,42,0.357,4.2,2.2,1,0.5,0.2,0.4
Blake Griffin,Boston Celtics,F,34.1,40,14.1,12.6,32,0.656,64,0.625,63,0.349,4.2,3.8,1.5,0.4,0.2,0.5
T.J. Warren,Phoenix Suns,F,29.6,16,12.3,16,2,0.5,51,0.471,19,0.316,4.2,3.1,0.7,0.4,0.3,0.2
Goran Dragic,Milwaukee Bucks,G,36.9,6,10.4,21.5,4,1,9,0,15,0.467,4.2,1.5,1.8,0.3,0,1
Mo Bamba,Los Angeles Lakers,C,24.9,8,10.9,19.3,11,0.545,11,0.545,16,0.313,4.1,5,0.5,0.1,0.6,1
Bruno Fernando,Houston Rockets,F-C,24.7,31,11.7,15.1,44,0.682,92,0.522,1,0,4.1,3.9,1,0.2,1,0.6
Serge Ibaka,Milwaukee Bucks,F,33.6,16,11.6,16.1,13,0.615,36,0.556,18,0.333,4.1,2.8,0.3,0.1,0.4,0.7
Meyers Leonard,Milwaukee Bucks,F-C,31.1,8,10.4,16.5,6,0.833,9,0.556,16,0.375,4.1,2.8,0,0.1,0,0.6
Gary Payton II,Portland Trail Blazers,G,30.4,15,17.1,9.3,4,1,24,0.625,17,0.529,4.1,2.6,1.5,1,0.1,0.8
Isaiah Roby,San Antonio Spurs,F,25.2,42,11.3,17.8,41,0.488,95,0.516,60,0.3,4.1,2.5,0.9,0.4,0.2,0.7
Admiral Schofield,Orlando Magic,F,26,36,11.9,13.5,21,0.905,44,0.636,68,0.353,4.1,1.7,0.8,0.2,0.1,0.4
Ish Wainright,Phoenix Suns,F,28.6,59,15,12.3,29,0.862,53,0.509,168,0.327,4.1,2.2,0.9,0.6,0.4,0.4
Will Barton,Toronto Raptors,G,32.3,15,13.1,16,2,1,31,0.355,39,0.308,4,1.6,1.1,0.7,0.2,0.2
George Hill,Indiana Pacers,G,36.9,10,14.4,10.4,6,1,12,0.667,15,0.4,4,1.5,1.8,0.6,0.3,0.6
Daishen Nix,Houston Rockets,G,21.2,56,16,15.4,36,0.667,95,0.421,138,0.29,4,1.7,2.3,0.5,0.1,1.5
Paul Reed,Philadelphia 76ers,F,23.8,68,10.7,16,51,0.745,190,0.611,4,0,4,3.7,0.4,0.6,0.7,0.6
McKinley Wright IV,Dallas Mavericks,G,24.5,25,12.2,16.9,16,0.688,62,0.532,26,0.308,4,1.7,2.2,0.3,0.2,0.8
Aaron Holiday,Atlanta Hawks,G,26.5,62,13.1,13.2,32,0.844,125,0.432,83,0.422,3.9,1.2,1.3,0.6,0.2,0.5
Orlando Magicando Robinson,Miami Heat,C,22.7,30,13.8,12.6,31,0.71,83,0.566,5,0,3.9,4.1,0.8,0.4,0.4,0.5
Matt Ryan,Los Angeles Lakers,F,26,12,10.8,17.7,5,0.8,14,0.143,35,0.371,3.9,1.2,0.3,0.2,0,0.3
Patrick Baldwin Jr.,Golden State Warriors,F,20.4,30,7.2,22.4,6,0.667,23,0.435,79,0.38,3.8,1.2,0.3,0.2,0.1,0.4
Jamaree Bouyea,Miami Heat,G,23.8,4,16.3,12.2,2,0.5,8,0.5,5,0.4,3.8,1.3,1,1,0.5,1
Dyson Daniels,New Orleans Pelicans,G,20.1,59,17.7,11.6,40,0.65,122,0.492,86,0.314,3.8,3.2,2.3,0.7,0.2,1
Darius Days,Houston Rockets,F,23.5,4,6.3,21.4,2,1,2,1,10,0.3,3.8,1.5,0.3,0,0.3,0
Terry Taylor,Chicago Bulls,G,23.5,4,5.2,16.8,2,0,6,1,1,1,3.8,1,0,0,0,0
JT Thor,Charlotte Hornets,F,20.6,68,13.8,13,47,0.702,110,0.5,117,0.325,3.8,2.1,0.5,0.3,0.3,0.6
Jabari Walker,Portland Trail Blazers,F,20.7,55,10.9,17.3,43,0.767,138,0.457,54,0.296,3.8,2.3,0.6,0.2,0.2,0.5
Nathan Knight,Minnesota Timberwolves,F-C,25.6,37,7.8,18.4,57,0.684,57,0.649,22,0.364,3.7,1.5,0.4,0.3,0.2,0.5
Luke Kornet,Boston Celtics,F-C,27.7,68,11.3,11.3,37,0.811,149,0.705,11,0.273,3.7,2.8,0.7,0.1,0.7,0.4
A.J. Lawson,Dallas Mavericks,G,22.7,12,6.9,21,3,0.333,12,0.667,22,0.409,3.7,1.2,0.1,0.1,0,0.3
Jordan McLaughlin,Minnesota Timberwolves,G,27,42,15.7,11.9,16,0.813,67,0.552,77,0.299,3.7,1.4,3.4,0.8,0.1,0.8
Markieff Morris,Dallas Mavericks,F,33.6,7,6.1,21.2,0,0,5,0.8,11,0.545,3.7,0.7,0.6,0.1,0,0.6
Gorgui Dieng,San Antonio Spurs,C,33.2,30,11.2,17.5,9,0.778,40,0.55,69,0.275,3.6,3.2,1.6,0.1,0.4,1
Bryn Forbes,Minnesota Timberwolves,G,29.7,25,10.7,16.2,15,1,37,0.432,46,0.304,3.6,0.6,0.7,0.3,0.1,0.5
Kevon Harris,Orlando Magic,G,25.8,33,13,13.1,34,0.794,59,0.475,36,0.333,3.6,1.9,0.4,0.5,0.2,0.6
Furkan Korkmaz,Philadelphia 76ers,G-F,25.7,36,9,19.4,34,0.706,62,0.484,42,0.357,3.6,1.1,0.6,0.2,0.1,0.6
Markieff Morris,Brooklyn Nets,F,33.6,27,10.6,15.6,10,1,33,0.394,49,0.408,3.6,2.2,0.9,0.3,0.2,0.5
Taj Gibson,Washington Wizards,F,37.8,48,10,15.3,42,0.714,101,0.564,24,0.333,3.5,1.9,0.7,0.3,0.3,0.5
Kai Jones,Charlotte Hornets,C-F,22.2,45,11.8,12.8,26,0.731,101,0.624,18,0.222,3.5,2.7,0.3,0.4,0.7,0.7
Wesley Matthews,Milwaukee Bucks,G,36.5,51,15.6,9.7,24,0.875,35,0.543,120,0.325,3.5,2.2,0.6,0.4,0.3,0.4
P.J. Tucker,Philadelphia 76ers,F,37.9,75,25.6,6.5,23,0.826,85,0.482,140,0.393,3.5,3.9,0.8,0.5,0.2,0.6
Amir Coffey,LA Clippers,G-F,25.8,50,12.5,13.5,63,0.778,105,0.429,40,0.275,3.4,1.1,1.1,0.1,0.1,0.4
Caleb Houston Rocketsstan,Orlando Magic,G,20.2,50,15.6,10.5,13,0.846,42,0.452,125,0.328,3.4,2,0.6,0.2,0.1,0.4
Kenneth Lofton Jr.,Memphis Grizzlies,F,20.7,23,5.9,25.9,15,0.533,53,0.491,15,0.4,3.4,1.6,0.9,0.2,0.1,0.4
Milwaukee Buckses McBride,New York Knicks,G,22.6,63,11.9,14.6,42,0.667,79,0.456,132,0.295,3.4,0.8,1.1,0.6,0.1,0.4
Micah Potter,Utah Jazz,F,25,7,7.5,13.6,0,0,8,0.75,7,0.571,3.4,2.3,0.6,0.1,0,0.3
Matt Ryan,Minnesota Timberwolves,F,26,22,8.2,15.6,7,0.857,10,0.6,49,0.388,3.4,0.5,0.5,0.1,0,0.2
Jericho Sims,New York Knicks,C,24.5,52,15.6,7.5,16,0.75,106,0.783,1,0,3.4,4.7,0.5,0.3,0.5,0.5
Dru Smith,Brooklyn Nets,G,25.3,9,7.5,18.6,1,1,14,0.643,13,0.308,3.4,1.2,1.6,0.6,0.1,0.1
Juan Toscano-Anderson,Utah Jazz,F,30,21,15.1,12.3,9,0.889,52,0.519,20,0.15,3.4,2.9,1.7,0.2,0.1,0.8
DoMinnesota Timberwolvesick Barlow,San Antonio Spurs,F,19.9,27,13.8,10.9,18,0.722,71,0.535,4,0,3.3,3.1,0.9,0.3,0.7,0.6
Goga Bitadze,Indiana Pacers,C-F,23.7,21,9.6,15.5,24,0.458,38,0.605,14,0.286,3.3,2.3,0.9,0.4,0.5,0.6
Omer Yurtseven,Miami Heat,C,24.8,8,7.4,16.7,3,0.667,14,0.643,4,0.5,3.3,2,0.3,0.1,0.1,0.4
Udoka Azubuike,Utah Jazz,C-F,23.6,35,9.5,11.6,19,0.368,66,0.803,0,0,3.2,3.2,0.3,0.2,0.4,0.5
Max Christie,Los Angeles Lakers,G,20.2,40,12.8,10.3,16,0.875,44,0.409,62,0.419,3.2,1.9,0.5,0.2,0.2,0.3
David Duke Jr.,Brooklyn Nets,G,23.5,22,8.3,20.5,11,0.636,57,0.526,8,0.125,3.2,1,0.8,0.3,0,0.7
Anthony Gill,Washington Wizards,F,30.5,58,10.4,12,63,0.746,97,0.66,27,0.148,3.2,1.7,0.6,0.1,0.2,0.3
RiCharlotte Hornetsun Holmes,Sacramento Kings,F,29.5,41,8.3,13.8,19,0.789,80,0.625,7,0.714,3.2,1.9,0.2,0.1,0.3,0.3
Jordan Hall,San Antonio Spurs,G,21.2,9,9.1,19.6,9,0.778,13,0.462,15,0.2,3.1,1.3,1.2,0.1,0,0.8
Christian Koloko,Toronto Raptors,C,22.8,57,13.6,10.5,57,0.632,135,0.504,11,0.091,3.1,2.9,0.5,0.3,1,0.4
Boban Marjanovic,Houston Rockets,C,34.6,30,5.3,20.3,26,0.769,52,0.692,1,0,3.1,1.8,0.3,0.1,0,0.4
Josh Minnesota Timberwolvesott,Minnesota Timberwolves,F,20.4,15,6.4,18.9,8,1,30,0.533,6,0.333,3.1,1.7,0.3,0.3,0.4,0.2
Raul Neto,Cleveland Cavaliers,G,30.9,47,10.3,12.5,29,0.897,62,0.661,39,0.308,3.1,1,1.6,0.3,0.1,0.4
Xavier Cooks,Washington Wizards,G,27.6,9,9.7,13.7,8,0.5,16,0.75,1,0,3.1,2.7,0.7,0.4,0.2,0.8
Tyler Dorsey,Dallas Mavericks,G,27.1,3,2.8,27.3,0,0,3,1,2,0.5,3,0.7,0,0,0,0
Usman Garuba,Houston Rockets,F,21.1,74,12.9,10.4,47,0.617,117,0.53,57,0.421,3,4.1,0.9,0.6,0.4,0.6
Danny Green,Memphis Grizzlies,G,35.8,3,14.5,13.4,0,0,3,0,8,0.375,3,1.3,0.7,0.3,0,1
Jake LaRavia,Memphis Grizzlies,F,21.4,35,11.8,11.7,9,0.778,24,0.542,71,0.338,3,1.8,0.6,0.3,0.1,0.5
Saben Lee,Philadelphia 76ers,G,23.8,2,5.1,31,0,0,3,1,1,0,3,0,1,0.5,0,1.5
Garrison Mathews,Atlanta Hawks,G,26.5,8,7.3,15.3,3,0.667,5,0.4,14,0.429,3,1,0.3,0.1,0,0.1
Trevelin Queen,Indiana Pacers,G,26.1,7,10,22.9,5,1,14,0.357,15,0.133,3,2.4,0.9,0.3,0.7,1
NeeMiami Heats Queta,Sacramento Kings,C,23.7,4,6.1,17.3,2,0,8,0.75,0,0,3,2.3,0.3,0,0.3,0.3
MiCharlotte Hornetsel Carter-Williams,Orlando Magic,G,31.5,3,9.3,16.6,4,0.75,7,0.429,1,0,3,1.7,1.3,0,0.3,0.3
Juancho Hernangomez,Toronto Raptors,F,27.5,42,14.6,9.5,16,0.563,47,0.66,67,0.254,2.9,2.9,0.6,0.4,0.1,0.4
Jason Preston,LA Clippers,G,23.7,14,8.8,18.3,2,0,23,0.565,18,0.278,2.9,1.6,1.9,0.1,0,0.7
Jared RhoDenver Nuggets,Detroit Pistons,G,23.6,13,12.5,10.9,6,1,20,0.5,16,0.25,2.9,2.4,0.3,0.3,0.1,0.2
Robin Lopez,Cleveland Cavaliers,C,35,36,7.8,15.2,16,0.75,62,0.677,3,0.667,2.8,1.3,0.5,0.1,0.2,0.6
JaDenver Nuggets Springer,Philadelphia 76ers,G,20.5,15,5.8,21.3,8,0.75,30,0.5,5,0.4,2.8,0.9,0.5,0.5,0.2,0.2
Peyton Watson,Denver Nuggets,G,20.6,22,7.3,16.5,13,0.462,37,0.514,12,0.5,2.8,1.5,0.5,0,0.5,0.3
Moussa Diabate,LA Clippers,F,21.2,22,8.9,14.1,16,0.625,45,0.511,2,0.5,2.7,2.3,0.2,0.3,0.4,0.4
Frank KaMinnesota Timberwolvessky,Atlanta Hawks,F-C,30,26,6.8,13.9,12,0.833,21,0.667,23,0.478,2.7,1.4,0.8,0.2,0,0.3
Frank Ntilikina,Dallas Mavericks,G,24.7,46,12.3,12.9,29,0.724,58,0.466,63,0.254,2.7,1.3,1.2,0.3,0.1,0.6
Terry Taylor,Indiana Pacers,G,23.5,26,8.8,14.2,7,0.714,47,0.553,18,0.222,2.7,1.5,0.4,0.1,0.2,0.3
Matisse Thybulle,Philadelphia 76ers,G-F,26.1,49,12.1,9.8,12,0.75,53,0.547,63,0.333,2.7,1.3,0.5,0.9,0.3,0.2
Juan Toscano-Anderson,Los Angeles Lakers,F,30,30,12.2,10.4,15,0.733,46,0.63,20,0.2,2.7,2,0.8,0.3,0.2,0.6
Ryan Arcidiacono,Portland Trail Blazers,G,29,9,16.2,11.3,0,0,12,0.083,20,0.35,2.6,1.2,2.3,0.3,0,0.7
James Johnson,Indiana Pacers,F,36.1,17,9.2,15,8,0.5,29,0.552,15,0.2,2.6,1.6,0.7,0.4,0.4,0.5
Isaiah Mobley,Cleveland Cavaliers,F,23.5,11,5.6,17.4,2,1,16,0.563,6,0.5,2.6,1.5,0.1,0.4,0.3,0.1
Ish Smith,Denver Nuggets,G,34.8,42,8.9,20,4,0.5,119,0.42,9,0.222,2.6,1.2,2.2,0.2,0.2,1
DaMiami Heatn Jones,Los Angeles Lakers,C,27.8,22,8,13.1,20,0.75,34,0.588,3,0,2.5,2.5,0.2,0.1,0.5,0.4
Jared Butler,Oklahoma City Thunder,G,22.6,5,6.2,17.6,0,0,6,0.5,5,0.4,2.4,0.2,0.8,0.8,0,0.4
Jeff Dowtin Jr.,Toronto Raptors,G,25.9,25,10.3,10.9,9,0.667,41,0.488,16,0.313,2.4,0.9,1.2,0.4,0.1,0.2
Trent Forrest,Atlanta Hawks,G,24.8,22,11.8,11.7,3,0.667,54,0.463,2,0,2.4,1.6,1.5,0.3,0.1,0.7
San Antonio Spursdro Mamukelashvili,Milwaukee Bucks,F-C,23.9,24,9.1,14.5,18,0.667,26,0.462,32,0.219,2.4,2.3,0.7,0.2,0.2,0.4
Garrett Temple,New Orleans Pelicans,G-F,36.9,21,6.6,14.3,4,0.75,17,0.412,23,0.478,2.4,0.8,0.6,0.3,0.1,0.2
John Butler Jr.,Portland Trail Blazers,F,20.3,18,11.1,11.1,4,0.75,16,0.563,32,0.219,2.3,0.9,0.6,0.4,0.5,0.1
Mamadi Diakite,Cleveland Cavaliers,F,26.2,21,7.6,15.8,2,1,25,0.56,19,0.316,2.3,1.3,0.2,0.1,0.4,0.5
Nerlens Noel,Detroit Pistons,C-F,29,14,10.8,11.9,10,0.7,28,0.393,2,0.5,2.3,2.6,0.5,0.9,0.6,0.6
Scotty Pippen Jr.,Los Angeles Lakers,G,22.4,6,5.3,24.1,9,0.556,9,0.333,3,0.333,2.3,0.7,0.3,0.3,0.2,0.3
Davon Reed,Denver Nuggets,G,27.8,35,9,15,20,0.75,36,0.25,44,0.364,2.3,1.5,0.5,0.4,0.1,0.6
Khem Birch,Toronto Raptors,C,30.5,20,8.1,11.1,5,0.8,30,0.6,2,0.5,2.2,1.3,0.4,0.3,0.3,0.4
Kennedy Charlotte Hornetsndler,Memphis Grizzlies,G,20.6,36,7.8,15.7,13,0.462,68,0.485,15,0.133,2.2,1.1,1.6,0.3,0.1,0.5
Dru Smith,Miami Heat,G,25.3,5,13.4,10,0,0,8,0.5,6,0.167,2.2,1.8,1,0.8,0.6,0.2
Andre IguoDallas Mavericksa,Golden State Warriors,G-F,39.2,8,14.1,9.4,3,0.667,6,1,9,0.111,2.1,2.1,2.4,0.5,0.4,1.1
Darius Bazley,Phoenix Suns,F-G,22.8,6,5.7,21,2,0.5,7,0.571,5,0.2,2,1.2,0.7,0.5,0.5,0.7
Justin Charlotte Hornetsmpagnie,Toronto Raptors,G-F,21.8,3,3.6,11.7,0,0,3,1,0,0,2,1.3,0.3,0,0,0
A.J. Lawson,Minnesota Timberwolves,G,22.7,1,1.8,23.8,0,0,1,1,0,0,2,1,0,0,0,0
Sam Merrill,Cleveland Cavaliers,G,26.9,4,8.1,13.8,0,0,1,1,9,0.222,2,1.3,1,0.3,0,0
Chris Silva,Dallas Mavericks,F,26.6,1,3,30.2,0,0,1,1,0,0,2,0,0,0,0,1
Dallas Mavericksen Terry,Chicago Bulls,F,20.7,37,5.4,18.1,17,0.588,41,0.537,25,0.28,2,0.9,0.6,0.2,0.1,0.2
Stanley Umude,Detroit Pistons,G,24,1,2.1,38.1,2,1,0,0,1,0,2,0,0,1,1,0
Dewayne Dedmon,Philadelphia 76ers,C,33.7,7,8.2,15.4,4,0,13,0.538,1,0,2,2.6,0.9,0.1,0.7,0.6
Theo Pinson,Dallas Mavericks,G-F,27.4,38,7.4,14.1,11,0.818,19,0.316,52,0.327,1.9,1.3,0.9,0.1,0,0.3
Ryan Rollins,Golden State Warriors,G,20.8,12,5.2,26.1,6,1,11,0.364,9,0.333,1.9,1,0.5,0.1,0.1,1.3
Buddy Boeheim,Detroit Pistons,F,23.4,9,8.9,13.3,2,1,2,0.5,22,0.182,1.8,0.6,0.3,0.2,0,0
Greg Brooklyn Netswn III,Portland Trail Blazers,F,21.6,16,5.8,18.4,12,0.417,21,0.476,7,0.143,1.8,1.2,0.2,0.3,0.3,0.4
Trevor Hudgins,Houston Rockets,G,24,5,5.7,16.6,3,1,1,0,8,0.25,1.8,0,0.6,0,0,0.2
Alize Johnson,San Antonio Spurs,F,27,4,7.4,15.3,2,0.5,4,0.75,2,0,1.8,2.5,0.3,0.3,0,1
Olivier Sarr,Oklahoma City Thunder,C,24.1,8,8.9,11.3,3,1,9,0.444,6,0.167,1.8,2,0.4,0,0.6,0.4
Xavier Moon,LA Clippers,G,28.3,4,4.9,22.3,0,0,6,0.333,3,0.333,1.8,0.8,1.3,0,0,0.3
Alex Len,Sacramento Kings,C,29.8,25,6,15.3,16,0.688,28,0.571,2,0,1.7,2.2,0.4,0.1,0.4,0.6
Dylan WIndiana Pacersler,Cleveland Cavaliers,G-F,26.5,3,3.5,17.2,0,0,1,1,2,0.5,1.7,0,0.3,0.3,0,0.3
Tony Bradley,Chicago Bulls,C-F,25.2,12,2.8,19.6,4,1,7,0.429,5,0.6,1.6,0.9,0.1,0.1,0.1,0.1
Svi Mykhailiuk,New York Knicks,G-F,25.8,13,3.1,17.4,5,0.6,2,0,10,0.6,1.6,0.5,0.1,0.1,0,0.2
KenDallas Mavericksl Brooklyn Netswn,Indiana Pacers,G,19.9,6,6.7,10.3,2,0.5,6,0.667,1,0,1.5,1,0.5,0.7,0,0.3
Matthew Dellavedova,Sacramento Kings,G,32.6,32,6.7,12.7,7,0.571,23,0.348,27,0.333,1.5,0.4,1.3,0.2,0,0.3
Keon Ellis,Sacramento Kings,G,23.2,15,3.8,12.1,5,0.6,3,0.333,10,0.6,1.5,0.5,0.3,0.3,0.1,0.1
Carlik Jones,Chicago Bulls,G,25.3,6,7.3,12.8,4,0.25,6,0.167,3,0.667,1.5,0.7,0.5,0.2,0,0.3
Jordan SCharlotte Hornetskel,Washington Wizards,G,24.8,2,3.1,14,0,0,1,0,1,1,1.5,0,0.5,0.5,0,0
Cole Swider,Los Angeles Lakers,F,23.9,6,6.7,9.5,0,0,1,0,8,0.375,1.5,1.2,0.7,0,0,0
Wendell Moore Jr.,Minnesota Timberwolves,G,21.6,28,5.5,14.6,5,0.8,25,0.6,17,0.118,1.4,0.6,0.6,0.3,0.2,0.3
Facundo Campazzo,Dallas Mavericks,G,32,8,6.5,14.6,2,0.5,2,0,11,0.273,1.3,0.3,1.1,0.8,0,0.4
Ron Harper Jr.,Toronto Raptors,F,23,8,3.1,17,0,0,4,0.5,6,0.333,1.3,0.4,0.4,0,0.1,0
Braxton Key,Detroit Pistons,F,26.1,3,3,8.8,2,1,1,1,0,0,1.3,0.3,0,0,0,0
Vit Krejci,Atlanta Hawks,G,22.8,28,5.2,11.8,2,0.5,16,0.625,20,0.25,1.3,0.8,0.5,0.1,0,0.1
KZ Okpala,Sacramento Kings,F-G,23.9,35,7.1,8.4,8,0.875,17,0.529,21,0.333,1.3,1,0.4,0.2,0.2,0.2
Kobi Simmons,Charlotte Hornets,G,25.8,4,4.9,14.8,2,1,1,0,4,0.25,1.3,0.5,0.5,0,0.5,0.3
PJ Dozier,Sacramento Kings,G-F,26.5,15,3.7,21.8,0,0,12,0.5,13,0.154,1.2,0.7,0.3,0.2,0.1,0.2
Frank KaMinnesota Timberwolvessky,Houston Rockets,F-C,30,9,4.6,13.6,4,1,5,0.4,7,0.143,1.2,1.1,0.9,0.1,0.2,0
Jack White,Denver Nuggets,F,25.7,16,3.2,15.6,3,0.667,8,0.5,8,0.375,1.2,0.6,0.2,0.1,0.1,0.1
Kessler Edwards,Brooklyn Nets,F,22.7,14,5.7,16.1,2,0.5,12,0.333,12,0.167,1.1,1,0.1,0.2,0.1,0.3
Bruno Fernando,Atlanta Hawks,F-C,24.7,7,2.8,25.3,2,1,7,0.429,1,0,1.1,0.7,0.1,0,0.3,0.4
Tyrese Martin,Atlanta Hawks,G,24.1,15,3.3,16,2,1,12,0.5,5,0.2,1.1,0.4,0.1,0.1,0,0.1
Noah Vonleh,Boston Celtics,F,27.6,23,7.5,9.1,2,1,20,0.5,4,0.25,1.1,2.1,0.3,0.1,0.3,0.5
Joe Wieskamp,Toronto Raptors,G-F,23.6,8,4.3,11.2,0,0,1,0,7,0.429,1.1,0.4,0.1,0,0,0.1
Vince Williams Jr.,Memphis Grizzlies,G,22.6,14,4,14.7,0,0,5,0.6,14,0.214,1.1,0.5,0.2,0.3,0.1,0.1
Thanasis Antetokounmpo,Milwaukee Bucks,F,30.7,36,5,13.2,14,0.357,31,0.516,7,0,1,1.1,0.3,0.1,0.1,0.3
JD Davison,Boston Celtics,G,20.5,11,2.8,21.3,0,0,9,0.444,4,0.25,1,0.5,0.7,0.2,0,0.2
Malcolm Hill,Chicago Bulls,F,27.5,5,1.8,19.4,0,0,1,1,3,0.333,1,0.6,0,0,0,0
Trevor Keels,New York Knicks,G,19.6,3,2.7,21.5,0,0,0,0,4,0.25,1,0.7,0,0,0,0
Chicago Bullsma Moneke,Sacramento Kings,F,27.3,2,4,26.5,2,0,2,0.5,0,0,1,1,0.5,0,0,1
Davon Reed,Los Angeles Lakers,G,27.8,8,3.4,9,4,0.25,2,1,2,0.5,1,0.5,0.5,0.3,0,0
Nerlens Noel,Brooklyn Nets,C-F,29,3,14.4,12.2,2,0.5,6,0.167,0,0,1,3,1,1,0.3,1.7
Justin Jackson,Boston Celtics,F,28,23,4.7,12.2,2,0.5,7,0.286,20,0.25,0.9,0.7,0.4,0.2,0.2,0.1
Dereon SeaBrooklyn Netsn,New Orleans Pelicans,G,22.9,5,2.3,18.5,0,0,5,0.4,0,0,0.8,0.2,0,0,0,0
Mfiondu Kabengele,Boston Celtics,F-C,25.7,3,5.8,10,0,0,2,0.5,1,0,0.7,2,0,0,0,0.3
Vernon Carey Jr.,Washington Wizards,F-C,22.1,11,2.6,16.6,2,1,8,0.25,0,0,0.5,1,0.3,0.2,0.2,0.2
Devon Dotson,Washington Wizards,G,23.7,6,8.9,9.8,0,0,6,0,3,0.333,0.5,1.7,1.3,0.8,0,0.5
Udonis Haslem,Miami Heat,F,42.8,6,7.6,12.6,2,0.5,10,0.1,2,0,0.5,1.3,0,0.2,0.2,0
Leandro Bolmaro,Utah Jazz,F,22.6,14,4.9,15.9,0,0,15,0.2,4,0,0.4,0.5,0.5,0.1,0.1,0.5
Isaiah Todd,Washington Wizards,F,21.5,5,3.2,16.3,0,0,2,0.5,3,0,0.4,0,0,0,0,0.2
Ryan Arcidiacono,New York Knicks,G,29,11,2.4,9.8,0,0,2,0,3,0.333,0.3,0.4,0.2,0.2,0,0.1
Marko Simonovic,Chicago Bulls,C,23.5,6,1.9,15.5,0,0,2,0.5,2,0,0.3,0.2,0,0,0,0
Lester Quinones,Golden State Warriors,G,20,3,2.5,44.6,2,0.5,1,0,2,0,0.3,0.7,0.3,0,0,1.3
Sterling Brooklyn Netswn,Los Angeles Lakers,G-F,28.2,4,6.1,6.9,0,0,2,0,2,0,0,2,0.5,0.8,0,0
Deonte Burton,Sacramento Kings,G-F,29.2,2,3.3,13.2,0,0,1,0,1,0,0,0,0,0,0,0
Julian Charlotte Hornetsmpagnie,Philadelphia 76ers,F,21.8,2,3.4,13.4,0,0,1,0,1,0,0,0,0,0.5,0,0
MiCharlotte Hornetsel Foster Jr.,Philadelphia 76ers,F,20.2,1,1,0,0,0,0,0,0,0,0,0,0,0,0,0
Frank Jackson,Utah Jazz,G,24.9,1,5.1,24.6,0,0,2,0,1,0,0,2,1,0,0,0
Alondes Williams,Brooklyn Nets,G,23.8,1,5.3,16.7,0,0,0,0,0,0,0,1,0,0,0,2
Jamaree Bouyea,Washington Wizards,G,23.8,1,5.5,7.9,0,0,0,0,1,0,0,1,0,0,0,0
Moses Brooklyn Netswn,Brooklyn Nets,C,23.5,2,3.2,6.9,0,0,0,0,0,0,0,0,0,0.5,0,0.5
Donovan Williams,Atlanta Hawks,G,21.6,1,1.7,24.7,0,0,0,0,1,0,0,1,0,0,0,0
Justin Charlotte Hornetsmpagnie,Boston Celtics,G-F,21.8,1,3.5,0,0,0,0,0,0,0,0,0,0,0,0,0
